item_id,name,slot,source_mission,source_type,source_npc,source_location,required_permission,price_stones,price_contribution_legacy_NO_GASTAR,materials,stats,availability_catalog,ver74_21_ids_present,source_runtime
"espada_hierro_equilibrada","Espada de hierro equilibrada","ARMA","M04","WORKSHOP_SERVICE_DUAL","Lu Cheng","taller_armas","PATRULLA_TERRITORIAL","12","5","","{""basic_attack_flat"":1,""precision"":2}","OPTIONAL","NO","SOLO_DISEÑO_NO_OPERATIVO_VER74"
"sable_patrulla_valle","Sable de patrulla del valle","ARMA","M04","WORKSHOP_SERVICE_STONES","Lu Cheng","taller_armas","PATRULLA_TERRITORIAL","10","","","{""basic_attack_flat"":2,""precision"":-1}","OPTIONAL","NO","SOLO_DISEÑO_NO_OPERATIVO_VER74"
"aguja_acero_frio","Aguja de acero frío","ARMA","M06","WORKSHOP_SERVICE_CONTRIBUTION","Lu Cheng","taller_armas","DISCIPULO_EXTERNO","","5","","{""precision"":3,""percent_penetration_pp"":3}","OPTIONAL","NO","SOLO_DISEÑO_NO_OPERATIVO_VER74"
"bandana_cuero_reforzada","Bandana de cuero reforzada","TOCADO","M04","WORKSHOP_SERVICE_DUAL","Ning Cai","taller_textiles_cuero","DISCIPULO_EXTERNO","7","2","","{""tenacity"":3,""hp_max"":1}","OPTIONAL","NO","SOLO_DISEÑO_NO_OPERATIVO_VER74"
"capucha_observador_valle","Capucha del observador del valle","TOCADO","M05","STONE_PURCHASE","Puestos del Mercado del Valle","mercado_valle","","7","","","{""precision"":3}","OPTIONAL","NO","SOLO_DISEÑO_NO_OPERATIVO_VER74"
"sobretunica_patrulla","Sobretúnica de patrulla","VESTIDURA","M04","CONTRIBUTION_REDEMPTION","Jiang Rui","puesto_valle","PATRULLA_TERRITORIAL","","3","","{""defense"":2,""hp_max"":2}","OPTIONAL","NO","SOLO_DISEÑO_NO_OPERATIVO_VER74"
"tunica_ruta_sauces","Túnica de ruta de Sauces","VESTIDURA","M05","STONE_PURCHASE","Artesanos de Sauces","sauces_plaza","HUESPED_SAUCES","10","","","{""defense"":1,""evasion"":3,""hp_max"":1}","OPTIONAL","NO","SOLO_DISEÑO_NO_OPERATIVO_VER74"
"brazales_cuero_cruzado","Brazales de cuero cruzado","BRAZALES","M04","WORKSHOP_SERVICE_DUAL","Ning Cai","taller_textiles_cuero","DISCIPULO_EXTERNO","9","3","","{""hp_max"":2,""tenacity"":2}","OPTIONAL","NO","SOLO_DISEÑO_NO_OPERATIVO_VER74"
"brazales_pulso_firme","Brazales de pulso firme","BRAZALES","M06","CONTRIBUTION_REDEMPTION","Chen Bo","sala_anatomica","DISCIPULO_EXTERNO","","3","","{""control"":2,""tenacity"":2}","OPTIONAL","NO","SOLO_DISEÑO_NO_OPERATIVO_VER74"
"fajin_patrulla","Fajín de patrulla","FAJIN","M04","CONTRIBUTION_REDEMPTION","Jiang Rui","puesto_valle","PATRULLA_TERRITORIAL","","2","","{""qi_max"":3,""tenacity"":1}","OPTIONAL","NO","SOLO_DISEÑO_NO_OPERATIVO_VER74"
"calzas_sendero_pinos","Calzas de sendero de pinos","PIERNAS","M04","WORKSHOP_SERVICE_STONES","Ning Cai","taller_textiles_cuero","","8","","","{""hp_max"":3,""evasion"":1}","OPTIONAL","NO","SOLO_DISEÑO_NO_OPERATIVO_VER74"
"sandalias_corriente_ligera","Sandalias de corriente ligera","CALZADO","M05","STONE_PURCHASE","Artesanos de Sauces","sauces_plaza","HUESPED_SAUCES","11","","","{""evasion"":4}","OPTIONAL","NO","SOLO_DISEÑO_NO_OPERATIVO_VER74"
"botas_piedra_humeda","Botas de piedra húmeda","CALZADO","M05","STONE_PURCHASE","Puestos del Mercado del Valle","mercado_valle","","9","","","{""tenacity"":3,""evasion"":1}","OPTIONAL","NO","SOLO_DISEÑO_NO_OPERATIVO_VER74"
"amuleto_colmillo_montado","Amuleto de colmillo montado","AMULETO","M05","WORKSHOP_SERVICE_MATERIAL","Ning Cai","taller_textiles_cuero","","4","","colmillo_lobo_legitimo","{""technique_direct_damage_percent"":3}","OPTIONAL","NO","SOLO_DISEÑO_NO_OPERATIVO_VER74"
"amuleto_sauce_sereno","Amuleto de sauce sereno","AMULETO","M05","STONE_PURCHASE","Artesanos de Sauces","sauces_plaza","HUESPED_SAUCES","10","","","{""control"":3,""qi_max"":1}","OPTIONAL","NO","SOLO_DISEÑO_NO_OPERATIVO_VER74"
"pulsera_cauce_trenzado","Pulsera de cauce trenzado","PULSERA","M05","STONE_PURCHASE","Artesanos de Sauces","sauces_plaza","HUESPED_SAUCES","8","","","{""qi_max"":3}","OPTIONAL","NO","SOLO_DISEÑO_NO_OPERATIVO_VER74"
"anillo_sello_hierro","Anillo del sello de hierro","ANILLO","M06","WORKSHOP_SERVICE_CONTRIBUTION","Lu Cheng","taller_armas","DISCIPULO_EXTERNO","","4","","{""percent_penetration_pp"":4}","OPTIONAL","NO","SOLO_DISEÑO_NO_OPERATIVO_VER74"
"anillo_corriente_clara","Anillo de corriente clara","ANILLO","M05","STONE_PURCHASE","Puestos del Mercado del Valle","mercado_valle","","10","","","{""precision"":2,""control"":2}","OPTIONAL","NO","SOLO_DISEÑO_NO_OPERATIVO_VER74"
"pulsera_tension_meridiana","Pulsera de tensión meridiana","PULSERA","M06","CONTRIBUTION_REDEMPTION","Lan Meihua","medicina","DISCIPULO_EXTERNO","","4","","{""technique_direct_damage_percent"":2}","OPTIONAL","NO","SOLO_DISEÑO_NO_OPERATIVO_VER74"
"calzas_guardia_externa","Calzas de guardia externa","PIERNAS","M04","CONTRIBUTION_REDEMPTION","Jiang Rui","puesto_valle","PATRULLA_TERRITORIAL","","2","","{""hp_max"":2,""tenacity"":2}","OPTIONAL","NO","SOLO_DISEÑO_NO_OPERATIVO_VER74"
"anillo_reserva_menor","Anillo de reserva menor","ANILLO","M05","STONE_PURCHASE","Puestos del Mercado del Valle","mercado_valle","","8","","","{""qi_max"":2,""precision"":1}","OPTIONAL","NO","SOLO_DISEÑO_NO_OPERATIVO_VER74"
