raiz,guardian,combates,victorias_solo_tecnicas,victorias_tecnicas_y_ulti,tasa_solo_tecnicas_pct,tasa_tecnicas_y_ulti_pct,diferencia_puntos_porcentuales,configuracion
Fuego,Sapo Caldera,720,362,252,50.278,35.0,-15.278,V67_E1_ORIGINAL_FUEGO
Fuego,Rey Escarabajo,720,599,464,83.194,64.444,-18.75,V67_E1_ORIGINAL_FUEGO
Fuego,Guardián de Coral,720,336,241,46.667,33.472,-13.194,V67_E1_ORIGINAL_FUEGO
Fuego,Mantis de Nube,720,426,325,59.167,45.139,-14.028,V67_E1_ORIGINAL_FUEGO
Fuego,Custodio del Eco Pétreo,720,400,329,55.556,45.694,-9.861,V67_E1_ORIGINAL_FUEGO
Metal,Sapo Caldera,720,307,457,42.639,63.472,20.833,METAL_CANDIDATE_SOFT_M02
Metal,Rey Escarabajo,720,457,568,63.472,78.889,15.417,METAL_CANDIDATE_SOFT_M02
Metal,Guardián de Coral,720,287,242,39.861,33.611,-6.25,METAL_CANDIDATE_SOFT_M02
Metal,Mantis de Nube,720,347,484,48.194,67.222,19.028,METAL_CANDIDATE_SOFT_M02
Metal,Custodio del Eco Pétreo,720,301,253,41.806,35.139,-6.667,METAL_CANDIDATE_SOFT_M02
Agua,Sapo Caldera,720,216,549,30.0,76.25,46.25,V67_E1_ORIGINAL_AGUA
Agua,Rey Escarabajo,720,380,630,52.778,87.5,34.722,V67_E1_ORIGINAL_AGUA
Agua,Guardián de Coral,720,142,458,19.722,63.611,43.889,V67_E1_ORIGINAL_AGUA
Agua,Mantis de Nube,720,268,569,37.222,79.028,41.806,V67_E1_ORIGINAL_AGUA
Agua,Custodio del Eco Pétreo,720,179,452,24.861,62.778,37.917,V67_E1_ORIGINAL_AGUA
Tierra,Sapo Caldera,720,209,607,29.028,84.306,55.278,V67_E1_ORIGINAL_TIERRA
Tierra,Rey Escarabajo,720,378,688,52.5,95.556,43.056,V67_E1_ORIGINAL_TIERRA
Tierra,Guardián de Coral,720,173,537,24.028,74.583,50.556,V67_E1_ORIGINAL_TIERRA
Tierra,Mantis de Nube,720,242,604,33.611,83.889,50.278,V67_E1_ORIGINAL_TIERRA
Tierra,Custodio del Eco Pétreo,720,224,540,31.111,75.0,43.889,V67_E1_ORIGINAL_TIERRA
Viento,Sapo Caldera,720,379,553,52.639,76.806,24.167,VIENTO_CANDIDATE_SOFT_W01
Viento,Rey Escarabajo,720,471,616,65.417,85.556,20.139,VIENTO_CANDIDATE_SOFT_W01
Viento,Guardián de Coral,720,301,325,41.806,45.139,3.333,VIENTO_CANDIDATE_SOFT_W01
Viento,Mantis de Nube,720,409,555,56.806,77.083,20.278,VIENTO_CANDIDATE_SOFT_W01
Viento,Custodio del Eco Pétreo,720,329,337,45.694,46.806,1.111,VIENTO_CANDIDATE_SOFT_W01
