relation_id,source_element,receiver_element,receiver_id,base_hook,kind,defensive_scale,baseline_li_v04b_scale,was_missing_li_v04b,stage,status
METAL_TO_FUEGO,metal,fuego,cuerpo_horno,ABSORPTION,SCALAR,0.2,,True,LianQi_II,PROVISIONAL_FOR_MONSTER_SIMULATION
AGUA_TO_FUEGO,agua,fuego,cuerpo_horno,,NONE,,0.045,False,LianQi_II,PROVISIONAL_FOR_MONSTER_SIMULATION
TIERRA_TO_FUEGO,tierra,fuego,cuerpo_horno,ABSORPTION,SCALAR,0.1,0.1,False,LianQi_II,PROVISIONAL_FOR_MONSTER_SIMULATION
VIENTO_TO_FUEGO,viento,fuego,cuerpo_horno,ABSORPTION,SCALAR,0.045,0.045,False,LianQi_II,PROVISIONAL_FOR_MONSTER_SIMULATION
FUEGO_TO_METAL,fuego,metal,armadura_plata,DEF_GRANTED,SCALAR,0.1875,1.5,False,LianQi_II,PROVISIONAL_FOR_MONSTER_SIMULATION
AGUA_TO_METAL,agua,metal,armadura_plata,DEF_GRANTED,SCALAR,0.2,,True,LianQi_II,PROVISIONAL_FOR_MONSTER_SIMULATION
TIERRA_TO_METAL,tierra,metal,armadura_plata,FORTIFICATION,STRUCTURAL,0.15625,1.25,False,LianQi_II,PROVISIONAL_FOR_MONSTER_SIMULATION
VIENTO_TO_METAL,viento,metal,armadura_plata,DEFENSIVE_DURATION,SCALAR,0.25,1.25,False,LianQi_II,PROVISIONAL_FOR_MONSTER_SIMULATION
FUEGO_TO_AGUA,fuego,agua,espejo_luna,ABSORPTION_RESTORE,SCALAR,0.1,0.1,False,LianQi_II,PROVISIONAL_FOR_MONSTER_SIMULATION
METAL_TO_AGUA,metal,agua,espejo_luna,ABSORPTION_RESTORE,SCALAR,0.1,0.1,False,LianQi_II,PROVISIONAL_FOR_MONSTER_SIMULATION
TIERRA_TO_AGUA,tierra,agua,espejo_luna,ABSORPTION_RESTORE,STRUCTURAL,0.15,0.15,False,LianQi_II,PROVISIONAL_FOR_MONSTER_SIMULATION
VIENTO_TO_AGUA,viento,agua,espejo_luna,ABSORPTION_RESTORE,SCALAR,0.15,0.15,False,LianQi_II,PROVISIONAL_FOR_MONSTER_SIMULATION
FUEGO_TO_TIERRA,fuego,tierra,piel_cobre,DEF_GRANTED,SCALAR,0.05,0.05,False,LianQi_II,PROVISIONAL_FOR_MONSTER_SIMULATION
METAL_TO_TIERRA,metal,tierra,piel_cobre,TENACITY_GRANTED,SCALAR,0.05,0.05,False,LianQi_II,PROVISIONAL_FOR_MONSTER_SIMULATION
AGUA_TO_TIERRA,agua,tierra,piel_cobre,DEFENSIVE_DURATION,SCALAR,0.25,2.0,False,LianQi_II,PROVISIONAL_FOR_MONSTER_SIMULATION
VIENTO_TO_TIERRA,viento,tierra,piel_cobre,TENACITY_GRANTED,SCALAR,0.045,0.045,False,LianQi_II,PROVISIONAL_FOR_MONSTER_SIMULATION
FUEGO_TO_VIENTO,fuego,viento,paso_nube,EVASION_GRANTED,SCALAR,0.1875,1.5,False,LianQi_II,PROVISIONAL_FOR_MONSTER_SIMULATION
METAL_TO_VIENTO,metal,viento,paso_nube,EVASION_GRANTED,SCALAR,0.1875,0.75,False,LianQi_II,PROVISIONAL_FOR_MONSTER_SIMULATION
AGUA_TO_VIENTO,agua,viento,paso_nube,DEFENSIVE_DURATION,SCALAR,0.2,,True,LianQi_II,PROVISIONAL_FOR_MONSTER_SIMULATION
TIERRA_TO_VIENTO,tierra,viento,paso_nube,DEFENSIVE_DURATION,SCALAR,0.2,,True,LianQi_II,PROVISIONAL_FOR_MONSTER_SIMULATION