root,foreign,build,family,base_hook,conditional_exposed,safe_winner,priority_status,contract_disagreement,qi_effective,qi_raw,decided_hook,decision_kind,operational_gate,decision_source
fuego,tierra,BASE_0,BASE,ABSORPTION,,,BASE_ONLY,,7,7.0,ABSORPTION,BASE_ONLY,PENDING_A08_RUNTIME_PARITY,receiver-specific mapeo + global priority; not mechanical-hook fallback
fuego,agua,BASE_0,BASE,NONE,,,BASE_ONLY,,7,7.0,NONE,BASE_ONLY,PENDING_A08_RUNTIME_PARITY,receiver-specific mapeo + global priority; not mechanical-hook fallback
fuego,metal,BASE_0,BASE,ABSORPTION,,,BASE_ONLY,,7,7.0,ABSORPTION,BASE_ONLY,PENDING_A08_RUNTIME_PARITY,receiver-specific mapeo + global priority; not mechanical-hook fallback
fuego,viento,BASE_0,BASE,ABSORPTION,,,BASE_ONLY,,7,7.0,ABSORPTION,BASE_ONLY,PENDING_A08_RUNTIME_PARITY,receiver-specific mapeo + global priority; not mechanical-hook fallback
fuego,tierra,OFF_T1_0,BASE,ABSORPTION,,,BASE_ONLY,,7,7.0,ABSORPTION,BASE_ONLY,PENDING_A08_RUNTIME_PARITY,receiver-specific mapeo + global priority; not mechanical-hook fallback
fuego,agua,OFF_T1_0,BASE,NONE,,,BASE_ONLY,,7,7.0,NONE,BASE_ONLY,PENDING_A08_RUNTIME_PARITY,receiver-specific mapeo + global priority; not mechanical-hook fallback
fuego,metal,OFF_T1_0,BASE,ABSORPTION,,,BASE_ONLY,,7,7.0,ABSORPTION,BASE_ONLY,PENDING_A08_RUNTIME_PARITY,receiver-specific mapeo + global priority; not mechanical-hook fallback
fuego,viento,OFF_T1_0,BASE,ABSORPTION,,,BASE_ONLY,,7,7.0,ABSORPTION,BASE_ONLY,PENDING_A08_RUNTIME_PARITY,receiver-specific mapeo + global priority; not mechanical-hook fallback
fuego,tierra,OFF_T1_1,BASE,ABSORPTION,,,BASE_ONLY,,7,7.0,ABSORPTION,BASE_ONLY,PENDING_A08_RUNTIME_PARITY,receiver-specific mapeo + global priority; not mechanical-hook fallback
fuego,agua,OFF_T1_1,BASE,NONE,,,BASE_ONLY,,7,7.0,NONE,BASE_ONLY,PENDING_A08_RUNTIME_PARITY,receiver-specific mapeo + global priority; not mechanical-hook fallback
fuego,metal,OFF_T1_1,BASE,ABSORPTION,,,BASE_ONLY,,7,7.0,ABSORPTION,BASE_ONLY,PENDING_A08_RUNTIME_PARITY,receiver-specific mapeo + global priority; not mechanical-hook fallback
fuego,viento,OFF_T1_1,BASE,ABSORPTION,,,BASE_ONLY,,7,7.0,ABSORPTION,BASE_ONLY,PENDING_A08_RUNTIME_PARITY,receiver-specific mapeo + global priority; not mechanical-hook fallback
fuego,tierra,OFF_T1_2,BASE,ABSORPTION,,,BASE_ONLY,,7,7.0,ABSORPTION,BASE_ONLY,PENDING_A08_RUNTIME_PARITY,receiver-specific mapeo + global priority; not mechanical-hook fallback
fuego,agua,OFF_T1_2,BASE,NONE,,,BASE_ONLY,,7,7.0,NONE,BASE_ONLY,PENDING_A08_RUNTIME_PARITY,receiver-specific mapeo + global priority; not mechanical-hook fallback
fuego,metal,OFF_T1_2,BASE,ABSORPTION,,,BASE_ONLY,,7,7.0,ABSORPTION,BASE_ONLY,PENDING_A08_RUNTIME_PARITY,receiver-specific mapeo + global priority; not mechanical-hook fallback
fuego,viento,OFF_T1_2,BASE,ABSORPTION,,,BASE_ONLY,,7,7.0,ABSORPTION,BASE_ONLY,PENDING_A08_RUNTIME_PARITY,receiver-specific mapeo + global priority; not mechanical-hook fallback
fuego,tierra,DEF_T1_0,BARRIER,ABSORPTION,,,BASE_ONLY,,7,7.0,ABSORPTION,BASE_ONLY,PENDING_A08_RUNTIME_PARITY,receiver-specific mapeo + global priority; not mechanical-hook fallback
fuego,agua,DEF_T1_0,BARRIER,NONE,,,BASE_ONLY,,7,7.0,NONE,BASE_ONLY,PENDING_A08_RUNTIME_PARITY,receiver-specific mapeo + global priority; not mechanical-hook fallback
fuego,metal,DEF_T1_0,BARRIER,ABSORPTION,,,BASE_ONLY,,7,7.0,ABSORPTION,BASE_ONLY,PENDING_A08_RUNTIME_PARITY,receiver-specific mapeo + global priority; not mechanical-hook fallback
fuego,viento,DEF_T1_0,BARRIER,ABSORPTION,,,BASE_ONLY,,7,7.0,ABSORPTION,BASE_ONLY,PENDING_A08_RUNTIME_PARITY,receiver-specific mapeo + global priority; not mechanical-hook fallback
fuego,tierra,DEF_T1_1,CONVERSION,ABSORPTION,INTERNAL_RESOURCE,INTERNAL_RESOURCE,CLEAR_CONDITIONAL_HIGHER_PRIORITY,,7,7.0,INTERNAL_RESOURCE,CONDITIONAL_WIN,PENDING_A08_RUNTIME_PARITY,receiver-specific mapeo + global priority; not mechanical-hook fallback
fuego,agua,DEF_T1_1,CONVERSION,NONE,INTERNAL_RESOURCE,,CONDITIONAL_EXPOSED_BUT_NOT_PROVEN_SELECTED,,7,7.0,INTERNAL_RESOURCE,CONDITIONAL_WIN,PENDING_A08_RUNTIME_PARITY,receiver-specific mapeo + global priority; not mechanical-hook fallback
fuego,metal,DEF_T1_1,CONVERSION,ABSORPTION,INTERNAL_RESOURCE,INTERNAL_RESOURCE,CLEAR_CONDITIONAL_HIGHER_PRIORITY,,7,7.0,INTERNAL_RESOURCE,CONDITIONAL_WIN,PENDING_A08_RUNTIME_PARITY,receiver-specific mapeo + global priority; not mechanical-hook fallback
fuego,viento,DEF_T1_1,CONVERSION,ABSORPTION,INTERNAL_RESOURCE,,CONDITIONAL_EXPOSED_BUT_NOT_PROVEN_SELECTED,,7,7.0,ABSORPTION,BASE_WIN_WITH_CONDITIONAL_EXPOSED,PENDING_A08_RUNTIME_PARITY,receiver-specific mapeo + global priority; not mechanical-hook fallback
fuego,tierra,DEF_T1_2,EFFICIENCY,ABSORPTION,,,BASE_ONLY,,6,6.0,ABSORPTION,BASE_ONLY,PENDING_A08_RUNTIME_PARITY,receiver-specific mapeo + global priority; not mechanical-hook fallback
fuego,agua,DEF_T1_2,EFFICIENCY,NONE,,,BASE_ONLY,,6,6.0,NONE,BASE_ONLY,PENDING_A08_RUNTIME_PARITY,receiver-specific mapeo + global priority; not mechanical-hook fallback
fuego,metal,DEF_T1_2,EFFICIENCY,ABSORPTION,,,BASE_ONLY,,6,6.0,ABSORPTION,BASE_ONLY,PENDING_A08_RUNTIME_PARITY,receiver-specific mapeo + global priority; not mechanical-hook fallback
fuego,viento,DEF_T1_2,EFFICIENCY,ABSORPTION,,,BASE_ONLY,,6,6.0,ABSORPTION,BASE_ONLY,PENDING_A08_RUNTIME_PARITY,receiver-specific mapeo + global priority; not mechanical-hook fallback
fuego,tierra,OFF_0_DEF_0,BARRIER,ABSORPTION,,,BASE_ONLY,,7,7.0,ABSORPTION,BASE_ONLY,PENDING_A08_RUNTIME_PARITY,receiver-specific mapeo + global priority; not mechanical-hook fallback
fuego,agua,OFF_0_DEF_0,BARRIER,NONE,,,BASE_ONLY,,7,7.0,NONE,BASE_ONLY,PENDING_A08_RUNTIME_PARITY,receiver-specific mapeo + global priority; not mechanical-hook fallback
fuego,metal,OFF_0_DEF_0,BARRIER,ABSORPTION,,,BASE_ONLY,,7,7.0,ABSORPTION,BASE_ONLY,PENDING_A08_RUNTIME_PARITY,receiver-specific mapeo + global priority; not mechanical-hook fallback
fuego,viento,OFF_0_DEF_0,BARRIER,ABSORPTION,,,BASE_ONLY,,7,7.0,ABSORPTION,BASE_ONLY,PENDING_A08_RUNTIME_PARITY,receiver-specific mapeo + global priority; not mechanical-hook fallback
fuego,tierra,OFF_0_DEF_1,CONVERSION,ABSORPTION,INTERNAL_RESOURCE,INTERNAL_RESOURCE,CLEAR_CONDITIONAL_HIGHER_PRIORITY,,7,7.0,INTERNAL_RESOURCE,CONDITIONAL_WIN,PENDING_A08_RUNTIME_PARITY,receiver-specific mapeo + global priority; not mechanical-hook fallback
fuego,agua,OFF_0_DEF_1,CONVERSION,NONE,INTERNAL_RESOURCE,,CONDITIONAL_EXPOSED_BUT_NOT_PROVEN_SELECTED,,7,7.0,INTERNAL_RESOURCE,CONDITIONAL_WIN,PENDING_A08_RUNTIME_PARITY,receiver-specific mapeo + global priority; not mechanical-hook fallback
fuego,metal,OFF_0_DEF_1,CONVERSION,ABSORPTION,INTERNAL_RESOURCE,INTERNAL_RESOURCE,CLEAR_CONDITIONAL_HIGHER_PRIORITY,,7,7.0,INTERNAL_RESOURCE,CONDITIONAL_WIN,PENDING_A08_RUNTIME_PARITY,receiver-specific mapeo + global priority; not mechanical-hook fallback
fuego,viento,OFF_0_DEF_1,CONVERSION,ABSORPTION,INTERNAL_RESOURCE,,CONDITIONAL_EXPOSED_BUT_NOT_PROVEN_SELECTED,,7,7.0,ABSORPTION,BASE_WIN_WITH_CONDITIONAL_EXPOSED,PENDING_A08_RUNTIME_PARITY,receiver-specific mapeo + global priority; not mechanical-hook fallback
fuego,tierra,OFF_0_DEF_2,EFFICIENCY,ABSORPTION,,,BASE_ONLY,,6,6.0,ABSORPTION,BASE_ONLY,PENDING_A08_RUNTIME_PARITY,receiver-specific mapeo + global priority; not mechanical-hook fallback
fuego,agua,OFF_0_DEF_2,EFFICIENCY,NONE,,,BASE_ONLY,,6,6.0,NONE,BASE_ONLY,PENDING_A08_RUNTIME_PARITY,receiver-specific mapeo + global priority; not mechanical-hook fallback
fuego,metal,OFF_0_DEF_2,EFFICIENCY,ABSORPTION,,,BASE_ONLY,,6,6.0,ABSORPTION,BASE_ONLY,PENDING_A08_RUNTIME_PARITY,receiver-specific mapeo + global priority; not mechanical-hook fallback
fuego,viento,OFF_0_DEF_2,EFFICIENCY,ABSORPTION,,,BASE_ONLY,,6,6.0,ABSORPTION,BASE_ONLY,PENDING_A08_RUNTIME_PARITY,receiver-specific mapeo + global priority; not mechanical-hook fallback
fuego,tierra,OFF_1_DEF_0,BARRIER,ABSORPTION,,,BASE_ONLY,,7,7.0,ABSORPTION,BASE_ONLY,PENDING_A08_RUNTIME_PARITY,receiver-specific mapeo + global priority; not mechanical-hook fallback
fuego,agua,OFF_1_DEF_0,BARRIER,NONE,,,BASE_ONLY,,7,7.0,NONE,BASE_ONLY,PENDING_A08_RUNTIME_PARITY,receiver-specific mapeo + global priority; not mechanical-hook fallback
fuego,metal,OFF_1_DEF_0,BARRIER,ABSORPTION,,,BASE_ONLY,,7,7.0,ABSORPTION,BASE_ONLY,PENDING_A08_RUNTIME_PARITY,receiver-specific mapeo + global priority; not mechanical-hook fallback
fuego,viento,OFF_1_DEF_0,BARRIER,ABSORPTION,,,BASE_ONLY,,7,7.0,ABSORPTION,BASE_ONLY,PENDING_A08_RUNTIME_PARITY,receiver-specific mapeo + global priority; not mechanical-hook fallback
fuego,tierra,OFF_1_DEF_1,CONVERSION,ABSORPTION,INTERNAL_RESOURCE,INTERNAL_RESOURCE,CLEAR_CONDITIONAL_HIGHER_PRIORITY,,7,7.0,INTERNAL_RESOURCE,CONDITIONAL_WIN,PENDING_A08_RUNTIME_PARITY,receiver-specific mapeo + global priority; not mechanical-hook fallback
fuego,agua,OFF_1_DEF_1,CONVERSION,NONE,INTERNAL_RESOURCE,,CONDITIONAL_EXPOSED_BUT_NOT_PROVEN_SELECTED,,7,7.0,INTERNAL_RESOURCE,CONDITIONAL_WIN,PENDING_A08_RUNTIME_PARITY,receiver-specific mapeo + global priority; not mechanical-hook fallback
fuego,metal,OFF_1_DEF_1,CONVERSION,ABSORPTION,INTERNAL_RESOURCE,INTERNAL_RESOURCE,CLEAR_CONDITIONAL_HIGHER_PRIORITY,,7,7.0,INTERNAL_RESOURCE,CONDITIONAL_WIN,PENDING_A08_RUNTIME_PARITY,receiver-specific mapeo + global priority; not mechanical-hook fallback
fuego,viento,OFF_1_DEF_1,CONVERSION,ABSORPTION,INTERNAL_RESOURCE,,CONDITIONAL_EXPOSED_BUT_NOT_PROVEN_SELECTED,,7,7.0,ABSORPTION,BASE_WIN_WITH_CONDITIONAL_EXPOSED,PENDING_A08_RUNTIME_PARITY,receiver-specific mapeo + global priority; not mechanical-hook fallback
fuego,tierra,OFF_1_DEF_2,EFFICIENCY,ABSORPTION,,,BASE_ONLY,,6,6.0,ABSORPTION,BASE_ONLY,PENDING_A08_RUNTIME_PARITY,receiver-specific mapeo + global priority; not mechanical-hook fallback
fuego,agua,OFF_1_DEF_2,EFFICIENCY,NONE,,,BASE_ONLY,,6,6.0,NONE,BASE_ONLY,PENDING_A08_RUNTIME_PARITY,receiver-specific mapeo + global priority; not mechanical-hook fallback
fuego,metal,OFF_1_DEF_2,EFFICIENCY,ABSORPTION,,,BASE_ONLY,,6,6.0,ABSORPTION,BASE_ONLY,PENDING_A08_RUNTIME_PARITY,receiver-specific mapeo + global priority; not mechanical-hook fallback
fuego,viento,OFF_1_DEF_2,EFFICIENCY,ABSORPTION,,,BASE_ONLY,,6,6.0,ABSORPTION,BASE_ONLY,PENDING_A08_RUNTIME_PARITY,receiver-specific mapeo + global priority; not mechanical-hook fallback
fuego,tierra,OFF_2_DEF_0,BARRIER,ABSORPTION,,,BASE_ONLY,,7,7.0,ABSORPTION,BASE_ONLY,PENDING_A08_RUNTIME_PARITY,receiver-specific mapeo + global priority; not mechanical-hook fallback
fuego,agua,OFF_2_DEF_0,BARRIER,NONE,,,BASE_ONLY,,7,7.0,NONE,BASE_ONLY,PENDING_A08_RUNTIME_PARITY,receiver-specific mapeo + global priority; not mechanical-hook fallback
fuego,metal,OFF_2_DEF_0,BARRIER,ABSORPTION,,,BASE_ONLY,,7,7.0,ABSORPTION,BASE_ONLY,PENDING_A08_RUNTIME_PARITY,receiver-specific mapeo + global priority; not mechanical-hook fallback
fuego,viento,OFF_2_DEF_0,BARRIER,ABSORPTION,,,BASE_ONLY,,7,7.0,ABSORPTION,BASE_ONLY,PENDING_A08_RUNTIME_PARITY,receiver-specific mapeo + global priority; not mechanical-hook fallback
fuego,tierra,OFF_2_DEF_1,CONVERSION,ABSORPTION,INTERNAL_RESOURCE,INTERNAL_RESOURCE,CLEAR_CONDITIONAL_HIGHER_PRIORITY,,7,7.0,INTERNAL_RESOURCE,CONDITIONAL_WIN,PENDING_A08_RUNTIME_PARITY,receiver-specific mapeo + global priority; not mechanical-hook fallback
fuego,agua,OFF_2_DEF_1,CONVERSION,NONE,INTERNAL_RESOURCE,,CONDITIONAL_EXPOSED_BUT_NOT_PROVEN_SELECTED,,7,7.0,INTERNAL_RESOURCE,CONDITIONAL_WIN,PENDING_A08_RUNTIME_PARITY,receiver-specific mapeo + global priority; not mechanical-hook fallback
fuego,metal,OFF_2_DEF_1,CONVERSION,ABSORPTION,INTERNAL_RESOURCE,INTERNAL_RESOURCE,CLEAR_CONDITIONAL_HIGHER_PRIORITY,,7,7.0,INTERNAL_RESOURCE,CONDITIONAL_WIN,PENDING_A08_RUNTIME_PARITY,receiver-specific mapeo + global priority; not mechanical-hook fallback
fuego,viento,OFF_2_DEF_1,CONVERSION,ABSORPTION,INTERNAL_RESOURCE,,CONDITIONAL_EXPOSED_BUT_NOT_PROVEN_SELECTED,,7,7.0,ABSORPTION,BASE_WIN_WITH_CONDITIONAL_EXPOSED,PENDING_A08_RUNTIME_PARITY,receiver-specific mapeo + global priority; not mechanical-hook fallback
fuego,tierra,OFF_2_DEF_2,EFFICIENCY,ABSORPTION,,,BASE_ONLY,,6,6.0,ABSORPTION,BASE_ONLY,PENDING_A08_RUNTIME_PARITY,receiver-specific mapeo + global priority; not mechanical-hook fallback
fuego,agua,OFF_2_DEF_2,EFFICIENCY,NONE,,,BASE_ONLY,,6,6.0,NONE,BASE_ONLY,PENDING_A08_RUNTIME_PARITY,receiver-specific mapeo + global priority; not mechanical-hook fallback
fuego,metal,OFF_2_DEF_2,EFFICIENCY,ABSORPTION,,,BASE_ONLY,,6,6.0,ABSORPTION,BASE_ONLY,PENDING_A08_RUNTIME_PARITY,receiver-specific mapeo + global priority; not mechanical-hook fallback
fuego,viento,OFF_2_DEF_2,EFFICIENCY,ABSORPTION,,,BASE_ONLY,,6,6.0,ABSORPTION,BASE_ONLY,PENDING_A08_RUNTIME_PARITY,receiver-specific mapeo + global priority; not mechanical-hook fallback
tierra,fuego,BASE_0,BASE,DEF_GRANTED,,,BASE_ONLY,,7,7.0,DEF_GRANTED,BASE_ONLY,PENDING_A08_RUNTIME_PARITY,receiver-specific mapeo + global priority; not mechanical-hook fallback
tierra,agua,BASE_0,BASE,DEFENSIVE_DURATION,,,BASE_ONLY,,7,7.0,DEFENSIVE_DURATION,BASE_ONLY,PENDING_A08_RUNTIME_PARITY,receiver-specific mapeo + global priority; not mechanical-hook fallback
tierra,metal,BASE_0,BASE,TENACITY_GRANTED,,,BASE_ONLY,,7,7.0,TENACITY_GRANTED,BASE_ONLY,PENDING_A08_RUNTIME_PARITY,receiver-specific mapeo + global priority; not mechanical-hook fallback
tierra,viento,BASE_0,BASE,TENACITY_GRANTED,,,BASE_ONLY,,7,7.0,TENACITY_GRANTED,BASE_ONLY,PENDING_A08_RUNTIME_PARITY,receiver-specific mapeo + global priority; not mechanical-hook fallback
tierra,fuego,OFF_T1_0,BASE,DEF_GRANTED,,,BASE_ONLY,,7,7.0,DEF_GRANTED,BASE_ONLY,PENDING_A08_RUNTIME_PARITY,receiver-specific mapeo + global priority; not mechanical-hook fallback
tierra,agua,OFF_T1_0,BASE,DEFENSIVE_DURATION,,,BASE_ONLY,,7,7.0,DEFENSIVE_DURATION,BASE_ONLY,PENDING_A08_RUNTIME_PARITY,receiver-specific mapeo + global priority; not mechanical-hook fallback
tierra,metal,OFF_T1_0,BASE,TENACITY_GRANTED,,,BASE_ONLY,,7,7.0,TENACITY_GRANTED,BASE_ONLY,PENDING_A08_RUNTIME_PARITY,receiver-specific mapeo + global priority; not mechanical-hook fallback
tierra,viento,OFF_T1_0,BASE,TENACITY_GRANTED,,,BASE_ONLY,,7,7.0,TENACITY_GRANTED,BASE_ONLY,PENDING_A08_RUNTIME_PARITY,receiver-specific mapeo + global priority; not mechanical-hook fallback
tierra,fuego,OFF_T1_1,BASE,DEF_GRANTED,,,BASE_ONLY,,7,7.0,DEF_GRANTED,BASE_ONLY,PENDING_A08_RUNTIME_PARITY,receiver-specific mapeo + global priority; not mechanical-hook fallback
tierra,agua,OFF_T1_1,BASE,DEFENSIVE_DURATION,,,BASE_ONLY,,7,7.0,DEFENSIVE_DURATION,BASE_ONLY,PENDING_A08_RUNTIME_PARITY,receiver-specific mapeo + global priority; not mechanical-hook fallback
tierra,metal,OFF_T1_1,BASE,TENACITY_GRANTED,,,BASE_ONLY,,7,7.0,TENACITY_GRANTED,BASE_ONLY,PENDING_A08_RUNTIME_PARITY,receiver-specific mapeo + global priority; not mechanical-hook fallback
tierra,viento,OFF_T1_1,BASE,TENACITY_GRANTED,,,BASE_ONLY,,7,7.0,TENACITY_GRANTED,BASE_ONLY,PENDING_A08_RUNTIME_PARITY,receiver-specific mapeo + global priority; not mechanical-hook fallback
tierra,fuego,OFF_T1_2,BASE,DEF_GRANTED,,,BASE_ONLY,,7,7.0,DEF_GRANTED,BASE_ONLY,PENDING_A08_RUNTIME_PARITY,receiver-specific mapeo + global priority; not mechanical-hook fallback
tierra,agua,OFF_T1_2,BASE,DEFENSIVE_DURATION,,,BASE_ONLY,,7,7.0,DEFENSIVE_DURATION,BASE_ONLY,PENDING_A08_RUNTIME_PARITY,receiver-specific mapeo + global priority; not mechanical-hook fallback
tierra,metal,OFF_T1_2,BASE,TENACITY_GRANTED,,,BASE_ONLY,,7,7.0,TENACITY_GRANTED,BASE_ONLY,PENDING_A08_RUNTIME_PARITY,receiver-specific mapeo + global priority; not mechanical-hook fallback
tierra,viento,OFF_T1_2,BASE,TENACITY_GRANTED,,,BASE_ONLY,,7,7.0,TENACITY_GRANTED,BASE_ONLY,PENDING_A08_RUNTIME_PARITY,receiver-specific mapeo + global priority; not mechanical-hook fallback
tierra,fuego,DEF_T1_0,FORTIFICATION,DEF_GRANTED,,,BASE_ONLY,,7,7.0,DEF_GRANTED,BASE_ONLY,PENDING_A08_RUNTIME_PARITY,receiver-specific mapeo + global priority; not mechanical-hook fallback
tierra,agua,DEF_T1_0,FORTIFICATION,DEFENSIVE_DURATION,,,BASE_ONLY,,7,7.0,DEFENSIVE_DURATION,BASE_ONLY,PENDING_A08_RUNTIME_PARITY,receiver-specific mapeo + global priority; not mechanical-hook fallback
tierra,metal,DEF_T1_0,FORTIFICATION,TENACITY_GRANTED,,,BASE_ONLY,,7,7.0,TENACITY_GRANTED,BASE_ONLY,PENDING_A08_RUNTIME_PARITY,receiver-specific mapeo + global priority; not mechanical-hook fallback
tierra,viento,DEF_T1_0,FORTIFICATION,TENACITY_GRANTED,,,BASE_ONLY,,7,7.0,TENACITY_GRANTED,BASE_ONLY,PENDING_A08_RUNTIME_PARITY,receiver-specific mapeo + global priority; not mechanical-hook fallback
tierra,fuego,DEF_T1_1,STABILITY,DEF_GRANTED,,,BASE_ONLY,,7,7.0,DEF_GRANTED,BASE_ONLY,PENDING_A08_RUNTIME_PARITY,receiver-specific mapeo + global priority; not mechanical-hook fallback
tierra,agua,DEF_T1_1,STABILITY,DEFENSIVE_DURATION,,,BASE_ONLY,,7,7.0,DEFENSIVE_DURATION,BASE_ONLY,PENDING_A08_RUNTIME_PARITY,receiver-specific mapeo + global priority; not mechanical-hook fallback
tierra,metal,DEF_T1_1,STABILITY,TENACITY_GRANTED,,,BASE_ONLY,,7,7.0,TENACITY_GRANTED,BASE_ONLY,PENDING_A08_RUNTIME_PARITY,receiver-specific mapeo + global priority; not mechanical-hook fallback
tierra,viento,DEF_T1_1,STABILITY,TENACITY_GRANTED,,,BASE_ONLY,,7,7.0,TENACITY_GRANTED,BASE_ONLY,PENDING_A08_RUNTIME_PARITY,receiver-specific mapeo + global priority; not mechanical-hook fallback
tierra,fuego,DEF_T1_2,ENDURANCE,DEF_GRANTED,,,BASE_ONLY,,7,7.0,DEF_GRANTED,BASE_ONLY,PENDING_A08_RUNTIME_PARITY,receiver-specific mapeo + global priority; not mechanical-hook fallback
tierra,agua,DEF_T1_2,ENDURANCE,DEFENSIVE_DURATION,,,BASE_ONLY,,7,7.0,DEFENSIVE_DURATION,BASE_ONLY,PENDING_A08_RUNTIME_PARITY,receiver-specific mapeo + global priority; not mechanical-hook fallback
tierra,metal,DEF_T1_2,ENDURANCE,TENACITY_GRANTED,,,BASE_ONLY,,7,7.0,TENACITY_GRANTED,BASE_ONLY,PENDING_A08_RUNTIME_PARITY,receiver-specific mapeo + global priority; not mechanical-hook fallback
tierra,viento,DEF_T1_2,ENDURANCE,TENACITY_GRANTED,,,BASE_ONLY,,7,7.0,TENACITY_GRANTED,BASE_ONLY,PENDING_A08_RUNTIME_PARITY,receiver-specific mapeo + global priority; not mechanical-hook fallback
tierra,fuego,OFF_0_DEF_0,FORTIFICATION,DEF_GRANTED,,,BASE_ONLY,,7,7.0,DEF_GRANTED,BASE_ONLY,PENDING_A08_RUNTIME_PARITY,receiver-specific mapeo + global priority; not mechanical-hook fallback
tierra,agua,OFF_0_DEF_0,FORTIFICATION,DEFENSIVE_DURATION,,,BASE_ONLY,,7,7.0,DEFENSIVE_DURATION,BASE_ONLY,PENDING_A08_RUNTIME_PARITY,receiver-specific mapeo + global priority; not mechanical-hook fallback
tierra,metal,OFF_0_DEF_0,FORTIFICATION,TENACITY_GRANTED,,,BASE_ONLY,,7,7.0,TENACITY_GRANTED,BASE_ONLY,PENDING_A08_RUNTIME_PARITY,receiver-specific mapeo + global priority; not mechanical-hook fallback
tierra,viento,OFF_0_DEF_0,FORTIFICATION,TENACITY_GRANTED,,,BASE_ONLY,,7,7.0,TENACITY_GRANTED,BASE_ONLY,PENDING_A08_RUNTIME_PARITY,receiver-specific mapeo + global priority; not mechanical-hook fallback
tierra,fuego,OFF_0_DEF_1,STABILITY,DEF_GRANTED,,,BASE_ONLY,,7,7.0,DEF_GRANTED,BASE_ONLY,PENDING_A08_RUNTIME_PARITY,receiver-specific mapeo + global priority; not mechanical-hook fallback
tierra,agua,OFF_0_DEF_1,STABILITY,DEFENSIVE_DURATION,,,BASE_ONLY,,7,7.0,DEFENSIVE_DURATION,BASE_ONLY,PENDING_A08_RUNTIME_PARITY,receiver-specific mapeo + global priority; not mechanical-hook fallback
tierra,metal,OFF_0_DEF_1,STABILITY,TENACITY_GRANTED,,,BASE_ONLY,,7,7.0,TENACITY_GRANTED,BASE_ONLY,PENDING_A08_RUNTIME_PARITY,receiver-specific mapeo + global priority; not mechanical-hook fallback
tierra,viento,OFF_0_DEF_1,STABILITY,TENACITY_GRANTED,,,BASE_ONLY,,7,7.0,TENACITY_GRANTED,BASE_ONLY,PENDING_A08_RUNTIME_PARITY,receiver-specific mapeo + global priority; not mechanical-hook fallback
tierra,fuego,OFF_0_DEF_2,ENDURANCE,DEF_GRANTED,,,BASE_ONLY,,7,7.0,DEF_GRANTED,BASE_ONLY,PENDING_A08_RUNTIME_PARITY,receiver-specific mapeo + global priority; not mechanical-hook fallback
tierra,agua,OFF_0_DEF_2,ENDURANCE,DEFENSIVE_DURATION,,,BASE_ONLY,,7,7.0,DEFENSIVE_DURATION,BASE_ONLY,PENDING_A08_RUNTIME_PARITY,receiver-specific mapeo + global priority; not mechanical-hook fallback
tierra,metal,OFF_0_DEF_2,ENDURANCE,TENACITY_GRANTED,,,BASE_ONLY,,7,7.0,TENACITY_GRANTED,BASE_ONLY,PENDING_A08_RUNTIME_PARITY,receiver-specific mapeo + global priority; not mechanical-hook fallback
tierra,viento,OFF_0_DEF_2,ENDURANCE,TENACITY_GRANTED,,,BASE_ONLY,,7,7.0,TENACITY_GRANTED,BASE_ONLY,PENDING_A08_RUNTIME_PARITY,receiver-specific mapeo + global priority; not mechanical-hook fallback
tierra,fuego,OFF_1_DEF_0,FORTIFICATION,DEF_GRANTED,,,BASE_ONLY,,7,7.0,DEF_GRANTED,BASE_ONLY,PENDING_A08_RUNTIME_PARITY,receiver-specific mapeo + global priority; not mechanical-hook fallback
tierra,agua,OFF_1_DEF_0,FORTIFICATION,DEFENSIVE_DURATION,,,BASE_ONLY,,7,7.0,DEFENSIVE_DURATION,BASE_ONLY,PENDING_A08_RUNTIME_PARITY,receiver-specific mapeo + global priority; not mechanical-hook fallback
tierra,metal,OFF_1_DEF_0,FORTIFICATION,TENACITY_GRANTED,,,BASE_ONLY,,7,7.0,TENACITY_GRANTED,BASE_ONLY,PENDING_A08_RUNTIME_PARITY,receiver-specific mapeo + global priority; not mechanical-hook fallback
tierra,viento,OFF_1_DEF_0,FORTIFICATION,TENACITY_GRANTED,,,BASE_ONLY,,7,7.0,TENACITY_GRANTED,BASE_ONLY,PENDING_A08_RUNTIME_PARITY,receiver-specific mapeo + global priority; not mechanical-hook fallback
tierra,fuego,OFF_1_DEF_1,STABILITY,DEF_GRANTED,,,BASE_ONLY,,7,7.0,DEF_GRANTED,BASE_ONLY,PENDING_A08_RUNTIME_PARITY,receiver-specific mapeo + global priority; not mechanical-hook fallback
tierra,agua,OFF_1_DEF_1,STABILITY,DEFENSIVE_DURATION,,,BASE_ONLY,,7,7.0,DEFENSIVE_DURATION,BASE_ONLY,PENDING_A08_RUNTIME_PARITY,receiver-specific mapeo + global priority; not mechanical-hook fallback
tierra,metal,OFF_1_DEF_1,STABILITY,TENACITY_GRANTED,,,BASE_ONLY,,7,7.0,TENACITY_GRANTED,BASE_ONLY,PENDING_A08_RUNTIME_PARITY,receiver-specific mapeo + global priority; not mechanical-hook fallback
tierra,viento,OFF_1_DEF_1,STABILITY,TENACITY_GRANTED,,,BASE_ONLY,,7,7.0,TENACITY_GRANTED,BASE_ONLY,PENDING_A08_RUNTIME_PARITY,receiver-specific mapeo + global priority; not mechanical-hook fallback
tierra,fuego,OFF_1_DEF_2,ENDURANCE,DEF_GRANTED,,,BASE_ONLY,,7,7.0,DEF_GRANTED,BASE_ONLY,PENDING_A08_RUNTIME_PARITY,receiver-specific mapeo + global priority; not mechanical-hook fallback
tierra,agua,OFF_1_DEF_2,ENDURANCE,DEFENSIVE_DURATION,,,BASE_ONLY,,7,7.0,DEFENSIVE_DURATION,BASE_ONLY,PENDING_A08_RUNTIME_PARITY,receiver-specific mapeo + global priority; not mechanical-hook fallback
tierra,metal,OFF_1_DEF_2,ENDURANCE,TENACITY_GRANTED,,,BASE_ONLY,,7,7.0,TENACITY_GRANTED,BASE_ONLY,PENDING_A08_RUNTIME_PARITY,receiver-specific mapeo + global priority; not mechanical-hook fallback
tierra,viento,OFF_1_DEF_2,ENDURANCE,TENACITY_GRANTED,,,BASE_ONLY,,7,7.0,TENACITY_GRANTED,BASE_ONLY,PENDING_A08_RUNTIME_PARITY,receiver-specific mapeo + global priority; not mechanical-hook fallback
tierra,fuego,OFF_2_DEF_0,FORTIFICATION,DEF_GRANTED,,,BASE_ONLY,,7,7.0,DEF_GRANTED,BASE_ONLY,PENDING_A08_RUNTIME_PARITY,receiver-specific mapeo + global priority; not mechanical-hook fallback
tierra,agua,OFF_2_DEF_0,FORTIFICATION,DEFENSIVE_DURATION,,,BASE_ONLY,,7,7.0,DEFENSIVE_DURATION,BASE_ONLY,PENDING_A08_RUNTIME_PARITY,receiver-specific mapeo + global priority; not mechanical-hook fallback
tierra,metal,OFF_2_DEF_0,FORTIFICATION,TENACITY_GRANTED,,,BASE_ONLY,,7,7.0,TENACITY_GRANTED,BASE_ONLY,PENDING_A08_RUNTIME_PARITY,receiver-specific mapeo + global priority; not mechanical-hook fallback
tierra,viento,OFF_2_DEF_0,FORTIFICATION,TENACITY_GRANTED,,,BASE_ONLY,,7,7.0,TENACITY_GRANTED,BASE_ONLY,PENDING_A08_RUNTIME_PARITY,receiver-specific mapeo + global priority; not mechanical-hook fallback
tierra,fuego,OFF_2_DEF_1,STABILITY,DEF_GRANTED,,,BASE_ONLY,,7,7.0,DEF_GRANTED,BASE_ONLY,PENDING_A08_RUNTIME_PARITY,receiver-specific mapeo + global priority; not mechanical-hook fallback
tierra,agua,OFF_2_DEF_1,STABILITY,DEFENSIVE_DURATION,,,BASE_ONLY,,7,7.0,DEFENSIVE_DURATION,BASE_ONLY,PENDING_A08_RUNTIME_PARITY,receiver-specific mapeo + global priority; not mechanical-hook fallback
tierra,metal,OFF_2_DEF_1,STABILITY,TENACITY_GRANTED,,,BASE_ONLY,,7,7.0,TENACITY_GRANTED,BASE_ONLY,PENDING_A08_RUNTIME_PARITY,receiver-specific mapeo + global priority; not mechanical-hook fallback
tierra,viento,OFF_2_DEF_1,STABILITY,TENACITY_GRANTED,,,BASE_ONLY,,7,7.0,TENACITY_GRANTED,BASE_ONLY,PENDING_A08_RUNTIME_PARITY,receiver-specific mapeo + global priority; not mechanical-hook fallback
tierra,fuego,OFF_2_DEF_2,ENDURANCE,DEF_GRANTED,,,BASE_ONLY,,7,7.0,DEF_GRANTED,BASE_ONLY,PENDING_A08_RUNTIME_PARITY,receiver-specific mapeo + global priority; not mechanical-hook fallback
tierra,agua,OFF_2_DEF_2,ENDURANCE,DEFENSIVE_DURATION,,,BASE_ONLY,,7,7.0,DEFENSIVE_DURATION,BASE_ONLY,PENDING_A08_RUNTIME_PARITY,receiver-specific mapeo + global priority; not mechanical-hook fallback
tierra,metal,OFF_2_DEF_2,ENDURANCE,TENACITY_GRANTED,,,BASE_ONLY,,7,7.0,TENACITY_GRANTED,BASE_ONLY,PENDING_A08_RUNTIME_PARITY,receiver-specific mapeo + global priority; not mechanical-hook fallback
tierra,viento,OFF_2_DEF_2,ENDURANCE,TENACITY_GRANTED,,,BASE_ONLY,,7,7.0,TENACITY_GRANTED,BASE_ONLY,PENDING_A08_RUNTIME_PARITY,receiver-specific mapeo + global priority; not mechanical-hook fallback
agua,fuego,BASE_0,BASE,ABSORPTION_RESTORE,,,BASE_ONLY,,5,5.25,ABSORPTION_RESTORE,BASE_ONLY,PENDING_A08_RUNTIME_PARITY,receiver-specific mapeo + global priority; not mechanical-hook fallback
agua,tierra,BASE_0,BASE,ABSORPTION_RESTORE,,,BASE_ONLY,,5,5.25,ABSORPTION_RESTORE,BASE_ONLY,PENDING_A08_RUNTIME_PARITY,receiver-specific mapeo + global priority; not mechanical-hook fallback
agua,metal,BASE_0,BASE,ABSORPTION_RESTORE,,,BASE_ONLY,,5,5.25,ABSORPTION_RESTORE,BASE_ONLY,PENDING_A08_RUNTIME_PARITY,receiver-specific mapeo + global priority; not mechanical-hook fallback
agua,viento,BASE_0,BASE,ABSORPTION_RESTORE,,,BASE_ONLY,,5,5.25,ABSORPTION_RESTORE,BASE_ONLY,PENDING_A08_RUNTIME_PARITY,receiver-specific mapeo + global priority; not mechanical-hook fallback
agua,fuego,OFF_T1_0,BASE,ABSORPTION_RESTORE,,,BASE_ONLY,,5,5.25,ABSORPTION_RESTORE,BASE_ONLY,PENDING_A08_RUNTIME_PARITY,receiver-specific mapeo + global priority; not mechanical-hook fallback
agua,tierra,OFF_T1_0,BASE,ABSORPTION_RESTORE,,,BASE_ONLY,,5,5.25,ABSORPTION_RESTORE,BASE_ONLY,PENDING_A08_RUNTIME_PARITY,receiver-specific mapeo + global priority; not mechanical-hook fallback
agua,metal,OFF_T1_0,BASE,ABSORPTION_RESTORE,,,BASE_ONLY,,5,5.25,ABSORPTION_RESTORE,BASE_ONLY,PENDING_A08_RUNTIME_PARITY,receiver-specific mapeo + global priority; not mechanical-hook fallback
agua,viento,OFF_T1_0,BASE,ABSORPTION_RESTORE,,,BASE_ONLY,,5,5.25,ABSORPTION_RESTORE,BASE_ONLY,PENDING_A08_RUNTIME_PARITY,receiver-specific mapeo + global priority; not mechanical-hook fallback
agua,fuego,OFF_T1_1,BASE,ABSORPTION_RESTORE,,,BASE_ONLY,,5,5.25,ABSORPTION_RESTORE,BASE_ONLY,PENDING_A08_RUNTIME_PARITY,receiver-specific mapeo + global priority; not mechanical-hook fallback
agua,tierra,OFF_T1_1,BASE,ABSORPTION_RESTORE,,,BASE_ONLY,,5,5.25,ABSORPTION_RESTORE,BASE_ONLY,PENDING_A08_RUNTIME_PARITY,receiver-specific mapeo + global priority; not mechanical-hook fallback
agua,metal,OFF_T1_1,BASE,ABSORPTION_RESTORE,,,BASE_ONLY,,5,5.25,ABSORPTION_RESTORE,BASE_ONLY,PENDING_A08_RUNTIME_PARITY,receiver-specific mapeo + global priority; not mechanical-hook fallback
agua,viento,OFF_T1_1,BASE,ABSORPTION_RESTORE,,,BASE_ONLY,,5,5.25,ABSORPTION_RESTORE,BASE_ONLY,PENDING_A08_RUNTIME_PARITY,receiver-specific mapeo + global priority; not mechanical-hook fallback
agua,fuego,OFF_T1_2,BASE,ABSORPTION_RESTORE,,,BASE_ONLY,,5,5.25,ABSORPTION_RESTORE,BASE_ONLY,PENDING_A08_RUNTIME_PARITY,receiver-specific mapeo + global priority; not mechanical-hook fallback
agua,tierra,OFF_T1_2,BASE,ABSORPTION_RESTORE,,,BASE_ONLY,,5,5.25,ABSORPTION_RESTORE,BASE_ONLY,PENDING_A08_RUNTIME_PARITY,receiver-specific mapeo + global priority; not mechanical-hook fallback
agua,metal,OFF_T1_2,BASE,ABSORPTION_RESTORE,,,BASE_ONLY,,5,5.25,ABSORPTION_RESTORE,BASE_ONLY,PENDING_A08_RUNTIME_PARITY,receiver-specific mapeo + global priority; not mechanical-hook fallback
agua,viento,OFF_T1_2,BASE,ABSORPTION_RESTORE,,,BASE_ONLY,,5,5.25,ABSORPTION_RESTORE,BASE_ONLY,PENDING_A08_RUNTIME_PARITY,receiver-specific mapeo + global priority; not mechanical-hook fallback
agua,fuego,DEF_T1_0,RESERVE,ABSORPTION_RESTORE,,,BASE_ONLY,,5,5.25,ABSORPTION_RESTORE,BASE_ONLY,PENDING_A08_RUNTIME_PARITY,receiver-specific mapeo + global priority; not mechanical-hook fallback
agua,tierra,DEF_T1_0,RESERVE,ABSORPTION_RESTORE,,,BASE_ONLY,,5,5.25,ABSORPTION_RESTORE,BASE_ONLY,PENDING_A08_RUNTIME_PARITY,receiver-specific mapeo + global priority; not mechanical-hook fallback
agua,metal,DEF_T1_0,RESERVE,ABSORPTION_RESTORE,,,BASE_ONLY,,5,5.25,ABSORPTION_RESTORE,BASE_ONLY,PENDING_A08_RUNTIME_PARITY,receiver-specific mapeo + global priority; not mechanical-hook fallback
agua,viento,DEF_T1_0,RESERVE,ABSORPTION_RESTORE,,,BASE_ONLY,,5,5.25,ABSORPTION_RESTORE,BASE_ONLY,PENDING_A08_RUNTIME_PARITY,receiver-specific mapeo + global priority; not mechanical-hook fallback
agua,fuego,DEF_T1_1,REFLOW,ABSORPTION_RESTORE,,,BASE_ONLY,,5,5.25,ABSORPTION_RESTORE,BASE_ONLY,PENDING_A08_RUNTIME_PARITY,receiver-specific mapeo + global priority; not mechanical-hook fallback
agua,tierra,DEF_T1_1,REFLOW,ABSORPTION_RESTORE,,,BASE_ONLY,,5,5.25,ABSORPTION_RESTORE,BASE_ONLY,PENDING_A08_RUNTIME_PARITY,receiver-specific mapeo + global priority; not mechanical-hook fallback
agua,metal,DEF_T1_1,REFLOW,ABSORPTION_RESTORE,,,BASE_ONLY,,5,5.25,ABSORPTION_RESTORE,BASE_ONLY,PENDING_A08_RUNTIME_PARITY,receiver-specific mapeo + global priority; not mechanical-hook fallback
agua,viento,DEF_T1_1,REFLOW,ABSORPTION_RESTORE,,,BASE_ONLY,,5,5.25,ABSORPTION_RESTORE,BASE_ONLY,PENDING_A08_RUNTIME_PARITY,receiver-specific mapeo + global priority; not mechanical-hook fallback
agua,fuego,DEF_T1_2,EFFICIENCY,ABSORPTION_RESTORE,QI_COST_PERCENT,,CONDITIONAL_EXPOSED_BUT_NOT_PROVEN_SELECTED,,5,4.5,ABSORPTION_RESTORE,BASE_WIN_WITH_CONDITIONAL_EXPOSED,PENDING_A08_RUNTIME_PARITY,receiver-specific mapeo + global priority; not mechanical-hook fallback
agua,tierra,DEF_T1_2,EFFICIENCY,ABSORPTION_RESTORE,QI_COST_PERCENT,,CONDITIONAL_EXPOSED_BUT_NOT_PROVEN_SELECTED,,5,4.5,ABSORPTION_RESTORE,BASE_WIN_WITH_CONDITIONAL_EXPOSED,PENDING_A08_RUNTIME_PARITY,receiver-specific mapeo + global priority; not mechanical-hook fallback
agua,metal,DEF_T1_2,EFFICIENCY,ABSORPTION_RESTORE,QI_COST_PERCENT,QI_COST_PERCENT,CLEAR_CONDITIONAL_HIGHER_PRIORITY,,5,4.5,QI_COST_PERCENT,CONDITIONAL_WIN,PENDING_A08_RUNTIME_PARITY,receiver-specific mapeo + global priority; not mechanical-hook fallback
agua,viento,DEF_T1_2,EFFICIENCY,ABSORPTION_RESTORE,QI_COST_PERCENT,QI_COST_PERCENT,CLEAR_CONDITIONAL_HIGHER_PRIORITY,,5,4.5,QI_COST_PERCENT,CONDITIONAL_WIN,PENDING_A08_RUNTIME_PARITY,receiver-specific mapeo + global priority; not mechanical-hook fallback
agua,fuego,OFF_0_DEF_0,RESERVE,ABSORPTION_RESTORE,,,BASE_ONLY,,5,5.25,ABSORPTION_RESTORE,BASE_ONLY,PENDING_A08_RUNTIME_PARITY,receiver-specific mapeo + global priority; not mechanical-hook fallback
agua,tierra,OFF_0_DEF_0,RESERVE,ABSORPTION_RESTORE,,,BASE_ONLY,,5,5.25,ABSORPTION_RESTORE,BASE_ONLY,PENDING_A08_RUNTIME_PARITY,receiver-specific mapeo + global priority; not mechanical-hook fallback
agua,metal,OFF_0_DEF_0,RESERVE,ABSORPTION_RESTORE,,,BASE_ONLY,,5,5.25,ABSORPTION_RESTORE,BASE_ONLY,PENDING_A08_RUNTIME_PARITY,receiver-specific mapeo + global priority; not mechanical-hook fallback
agua,viento,OFF_0_DEF_0,RESERVE,ABSORPTION_RESTORE,,,BASE_ONLY,,5,5.25,ABSORPTION_RESTORE,BASE_ONLY,PENDING_A08_RUNTIME_PARITY,receiver-specific mapeo + global priority; not mechanical-hook fallback
agua,fuego,OFF_0_DEF_1,REFLOW,ABSORPTION_RESTORE,,,BASE_ONLY,,5,5.25,ABSORPTION_RESTORE,BASE_ONLY,PENDING_A08_RUNTIME_PARITY,receiver-specific mapeo + global priority; not mechanical-hook fallback
agua,tierra,OFF_0_DEF_1,REFLOW,ABSORPTION_RESTORE,,,BASE_ONLY,,5,5.25,ABSORPTION_RESTORE,BASE_ONLY,PENDING_A08_RUNTIME_PARITY,receiver-specific mapeo + global priority; not mechanical-hook fallback
agua,metal,OFF_0_DEF_1,REFLOW,ABSORPTION_RESTORE,,,BASE_ONLY,,5,5.25,ABSORPTION_RESTORE,BASE_ONLY,PENDING_A08_RUNTIME_PARITY,receiver-specific mapeo + global priority; not mechanical-hook fallback
agua,viento,OFF_0_DEF_1,REFLOW,ABSORPTION_RESTORE,,,BASE_ONLY,,5,5.25,ABSORPTION_RESTORE,BASE_ONLY,PENDING_A08_RUNTIME_PARITY,receiver-specific mapeo + global priority; not mechanical-hook fallback
agua,fuego,OFF_0_DEF_2,EFFICIENCY,ABSORPTION_RESTORE,QI_COST_PERCENT,,CONDITIONAL_EXPOSED_BUT_NOT_PROVEN_SELECTED,,5,4.5,ABSORPTION_RESTORE,BASE_WIN_WITH_CONDITIONAL_EXPOSED,PENDING_A08_RUNTIME_PARITY,receiver-specific mapeo + global priority; not mechanical-hook fallback
agua,tierra,OFF_0_DEF_2,EFFICIENCY,ABSORPTION_RESTORE,QI_COST_PERCENT,,CONDITIONAL_EXPOSED_BUT_NOT_PROVEN_SELECTED,,5,4.5,ABSORPTION_RESTORE,BASE_WIN_WITH_CONDITIONAL_EXPOSED,PENDING_A08_RUNTIME_PARITY,receiver-specific mapeo + global priority; not mechanical-hook fallback
agua,metal,OFF_0_DEF_2,EFFICIENCY,ABSORPTION_RESTORE,QI_COST_PERCENT,QI_COST_PERCENT,CLEAR_CONDITIONAL_HIGHER_PRIORITY,,5,4.5,QI_COST_PERCENT,CONDITIONAL_WIN,PENDING_A08_RUNTIME_PARITY,receiver-specific mapeo + global priority; not mechanical-hook fallback
agua,viento,OFF_0_DEF_2,EFFICIENCY,ABSORPTION_RESTORE,QI_COST_PERCENT,QI_COST_PERCENT,CLEAR_CONDITIONAL_HIGHER_PRIORITY,,5,4.5,QI_COST_PERCENT,CONDITIONAL_WIN,PENDING_A08_RUNTIME_PARITY,receiver-specific mapeo + global priority; not mechanical-hook fallback
agua,fuego,OFF_1_DEF_0,RESERVE,ABSORPTION_RESTORE,,,BASE_ONLY,,5,5.25,ABSORPTION_RESTORE,BASE_ONLY,PENDING_A08_RUNTIME_PARITY,receiver-specific mapeo + global priority; not mechanical-hook fallback
agua,tierra,OFF_1_DEF_0,RESERVE,ABSORPTION_RESTORE,,,BASE_ONLY,,5,5.25,ABSORPTION_RESTORE,BASE_ONLY,PENDING_A08_RUNTIME_PARITY,receiver-specific mapeo + global priority; not mechanical-hook fallback
agua,metal,OFF_1_DEF_0,RESERVE,ABSORPTION_RESTORE,,,BASE_ONLY,,5,5.25,ABSORPTION_RESTORE,BASE_ONLY,PENDING_A08_RUNTIME_PARITY,receiver-specific mapeo + global priority; not mechanical-hook fallback
agua,viento,OFF_1_DEF_0,RESERVE,ABSORPTION_RESTORE,,,BASE_ONLY,,5,5.25,ABSORPTION_RESTORE,BASE_ONLY,PENDING_A08_RUNTIME_PARITY,receiver-specific mapeo + global priority; not mechanical-hook fallback
agua,fuego,OFF_1_DEF_1,REFLOW,ABSORPTION_RESTORE,,,BASE_ONLY,,5,5.25,ABSORPTION_RESTORE,BASE_ONLY,PENDING_A08_RUNTIME_PARITY,receiver-specific mapeo + global priority; not mechanical-hook fallback
agua,tierra,OFF_1_DEF_1,REFLOW,ABSORPTION_RESTORE,,,BASE_ONLY,,5,5.25,ABSORPTION_RESTORE,BASE_ONLY,PENDING_A08_RUNTIME_PARITY,receiver-specific mapeo + global priority; not mechanical-hook fallback
agua,metal,OFF_1_DEF_1,REFLOW,ABSORPTION_RESTORE,,,BASE_ONLY,,5,5.25,ABSORPTION_RESTORE,BASE_ONLY,PENDING_A08_RUNTIME_PARITY,receiver-specific mapeo + global priority; not mechanical-hook fallback
agua,viento,OFF_1_DEF_1,REFLOW,ABSORPTION_RESTORE,,,BASE_ONLY,,5,5.25,ABSORPTION_RESTORE,BASE_ONLY,PENDING_A08_RUNTIME_PARITY,receiver-specific mapeo + global priority; not mechanical-hook fallback
agua,fuego,OFF_1_DEF_2,EFFICIENCY,ABSORPTION_RESTORE,QI_COST_PERCENT,,CONDITIONAL_EXPOSED_BUT_NOT_PROVEN_SELECTED,,5,4.5,ABSORPTION_RESTORE,BASE_WIN_WITH_CONDITIONAL_EXPOSED,PENDING_A08_RUNTIME_PARITY,receiver-specific mapeo + global priority; not mechanical-hook fallback
agua,tierra,OFF_1_DEF_2,EFFICIENCY,ABSORPTION_RESTORE,QI_COST_PERCENT,,CONDITIONAL_EXPOSED_BUT_NOT_PROVEN_SELECTED,,5,4.5,ABSORPTION_RESTORE,BASE_WIN_WITH_CONDITIONAL_EXPOSED,PENDING_A08_RUNTIME_PARITY,receiver-specific mapeo + global priority; not mechanical-hook fallback
agua,metal,OFF_1_DEF_2,EFFICIENCY,ABSORPTION_RESTORE,QI_COST_PERCENT,QI_COST_PERCENT,CLEAR_CONDITIONAL_HIGHER_PRIORITY,,5,4.5,QI_COST_PERCENT,CONDITIONAL_WIN,PENDING_A08_RUNTIME_PARITY,receiver-specific mapeo + global priority; not mechanical-hook fallback
agua,viento,OFF_1_DEF_2,EFFICIENCY,ABSORPTION_RESTORE,QI_COST_PERCENT,QI_COST_PERCENT,CLEAR_CONDITIONAL_HIGHER_PRIORITY,,5,4.5,QI_COST_PERCENT,CONDITIONAL_WIN,PENDING_A08_RUNTIME_PARITY,receiver-specific mapeo + global priority; not mechanical-hook fallback
agua,fuego,OFF_2_DEF_0,RESERVE,ABSORPTION_RESTORE,,,BASE_ONLY,,5,5.25,ABSORPTION_RESTORE,BASE_ONLY,PENDING_A08_RUNTIME_PARITY,receiver-specific mapeo + global priority; not mechanical-hook fallback
agua,tierra,OFF_2_DEF_0,RESERVE,ABSORPTION_RESTORE,,,BASE_ONLY,,5,5.25,ABSORPTION_RESTORE,BASE_ONLY,PENDING_A08_RUNTIME_PARITY,receiver-specific mapeo + global priority; not mechanical-hook fallback
agua,metal,OFF_2_DEF_0,RESERVE,ABSORPTION_RESTORE,,,BASE_ONLY,,5,5.25,ABSORPTION_RESTORE,BASE_ONLY,PENDING_A08_RUNTIME_PARITY,receiver-specific mapeo + global priority; not mechanical-hook fallback
agua,viento,OFF_2_DEF_0,RESERVE,ABSORPTION_RESTORE,,,BASE_ONLY,,5,5.25,ABSORPTION_RESTORE,BASE_ONLY,PENDING_A08_RUNTIME_PARITY,receiver-specific mapeo + global priority; not mechanical-hook fallback
agua,fuego,OFF_2_DEF_1,REFLOW,ABSORPTION_RESTORE,,,BASE_ONLY,,5,5.25,ABSORPTION_RESTORE,BASE_ONLY,PENDING_A08_RUNTIME_PARITY,receiver-specific mapeo + global priority; not mechanical-hook fallback
agua,tierra,OFF_2_DEF_1,REFLOW,ABSORPTION_RESTORE,,,BASE_ONLY,,5,5.25,ABSORPTION_RESTORE,BASE_ONLY,PENDING_A08_RUNTIME_PARITY,receiver-specific mapeo + global priority; not mechanical-hook fallback
agua,metal,OFF_2_DEF_1,REFLOW,ABSORPTION_RESTORE,,,BASE_ONLY,,5,5.25,ABSORPTION_RESTORE,BASE_ONLY,PENDING_A08_RUNTIME_PARITY,receiver-specific mapeo + global priority; not mechanical-hook fallback
agua,viento,OFF_2_DEF_1,REFLOW,ABSORPTION_RESTORE,,,BASE_ONLY,,5,5.25,ABSORPTION_RESTORE,BASE_ONLY,PENDING_A08_RUNTIME_PARITY,receiver-specific mapeo + global priority; not mechanical-hook fallback
agua,fuego,OFF_2_DEF_2,EFFICIENCY,ABSORPTION_RESTORE,QI_COST_PERCENT,,CONDITIONAL_EXPOSED_BUT_NOT_PROVEN_SELECTED,,5,4.5,ABSORPTION_RESTORE,BASE_WIN_WITH_CONDITIONAL_EXPOSED,PENDING_A08_RUNTIME_PARITY,receiver-specific mapeo + global priority; not mechanical-hook fallback
agua,tierra,OFF_2_DEF_2,EFFICIENCY,ABSORPTION_RESTORE,QI_COST_PERCENT,,CONDITIONAL_EXPOSED_BUT_NOT_PROVEN_SELECTED,,5,4.5,ABSORPTION_RESTORE,BASE_WIN_WITH_CONDITIONAL_EXPOSED,PENDING_A08_RUNTIME_PARITY,receiver-specific mapeo + global priority; not mechanical-hook fallback
agua,metal,OFF_2_DEF_2,EFFICIENCY,ABSORPTION_RESTORE,QI_COST_PERCENT,QI_COST_PERCENT,CLEAR_CONDITIONAL_HIGHER_PRIORITY,,5,4.5,QI_COST_PERCENT,CONDITIONAL_WIN,PENDING_A08_RUNTIME_PARITY,receiver-specific mapeo + global priority; not mechanical-hook fallback
agua,viento,OFF_2_DEF_2,EFFICIENCY,ABSORPTION_RESTORE,QI_COST_PERCENT,QI_COST_PERCENT,CLEAR_CONDITIONAL_HIGHER_PRIORITY,,5,4.5,QI_COST_PERCENT,CONDITIONAL_WIN,PENDING_A08_RUNTIME_PARITY,receiver-specific mapeo + global priority; not mechanical-hook fallback
metal,fuego,BASE_0,BASE,DEF_GRANTED,,,BASE_ONLY,,7,7.0,DEF_GRANTED,BASE_ONLY,PENDING_A08_RUNTIME_PARITY,receiver-specific mapeo + global priority; not mechanical-hook fallback
metal,tierra,BASE_0,BASE,FORTIFICATION,,,BASE_ONLY,,7,7.0,FORTIFICATION,BASE_ONLY,PENDING_A08_RUNTIME_PARITY,receiver-specific mapeo + global priority; not mechanical-hook fallback
metal,agua,BASE_0,BASE,DEF_GRANTED,,,BASE_ONLY,,7,7.0,DEF_GRANTED,BASE_ONLY,PENDING_A08_RUNTIME_PARITY,receiver-specific mapeo + global priority; not mechanical-hook fallback
metal,viento,BASE_0,BASE,DEFENSIVE_DURATION,,,BASE_ONLY,,7,7.0,DEFENSIVE_DURATION,BASE_ONLY,PENDING_A08_RUNTIME_PARITY,receiver-specific mapeo + global priority; not mechanical-hook fallback
metal,fuego,OFF_T1_0,BASE,DEF_GRANTED,,,BASE_ONLY,,7,7.0,DEF_GRANTED,BASE_ONLY,PENDING_A08_RUNTIME_PARITY,receiver-specific mapeo + global priority; not mechanical-hook fallback
metal,tierra,OFF_T1_0,BASE,FORTIFICATION,,,BASE_ONLY,,7,7.0,FORTIFICATION,BASE_ONLY,PENDING_A08_RUNTIME_PARITY,receiver-specific mapeo + global priority; not mechanical-hook fallback
metal,agua,OFF_T1_0,BASE,DEF_GRANTED,,,BASE_ONLY,,7,7.0,DEF_GRANTED,BASE_ONLY,PENDING_A08_RUNTIME_PARITY,receiver-specific mapeo + global priority; not mechanical-hook fallback
metal,viento,OFF_T1_0,BASE,DEFENSIVE_DURATION,,,BASE_ONLY,,7,7.0,DEFENSIVE_DURATION,BASE_ONLY,PENDING_A08_RUNTIME_PARITY,receiver-specific mapeo + global priority; not mechanical-hook fallback
metal,fuego,OFF_T1_1,BASE,DEF_GRANTED,,,BASE_ONLY,,7,7.0,DEF_GRANTED,BASE_ONLY,PENDING_A08_RUNTIME_PARITY,receiver-specific mapeo + global priority; not mechanical-hook fallback
metal,tierra,OFF_T1_1,BASE,FORTIFICATION,,,BASE_ONLY,,7,7.0,FORTIFICATION,BASE_ONLY,PENDING_A08_RUNTIME_PARITY,receiver-specific mapeo + global priority; not mechanical-hook fallback
metal,agua,OFF_T1_1,BASE,DEF_GRANTED,,,BASE_ONLY,,7,7.0,DEF_GRANTED,BASE_ONLY,PENDING_A08_RUNTIME_PARITY,receiver-specific mapeo + global priority; not mechanical-hook fallback
metal,viento,OFF_T1_1,BASE,DEFENSIVE_DURATION,,,BASE_ONLY,,7,7.0,DEFENSIVE_DURATION,BASE_ONLY,PENDING_A08_RUNTIME_PARITY,receiver-specific mapeo + global priority; not mechanical-hook fallback
metal,fuego,OFF_T1_2,BASE,DEF_GRANTED,,,BASE_ONLY,,7,7.0,DEF_GRANTED,BASE_ONLY,PENDING_A08_RUNTIME_PARITY,receiver-specific mapeo + global priority; not mechanical-hook fallback
metal,tierra,OFF_T1_2,BASE,FORTIFICATION,,,BASE_ONLY,,7,7.0,FORTIFICATION,BASE_ONLY,PENDING_A08_RUNTIME_PARITY,receiver-specific mapeo + global priority; not mechanical-hook fallback
metal,agua,OFF_T1_2,BASE,DEF_GRANTED,,,BASE_ONLY,,7,7.0,DEF_GRANTED,BASE_ONLY,PENDING_A08_RUNTIME_PARITY,receiver-specific mapeo + global priority; not mechanical-hook fallback
metal,viento,OFF_T1_2,BASE,DEFENSIVE_DURATION,,,BASE_ONLY,,7,7.0,DEFENSIVE_DURATION,BASE_ONLY,PENDING_A08_RUNTIME_PARITY,receiver-specific mapeo + global priority; not mechanical-hook fallback
metal,fuego,DEF_T1_0,RESISTANCE,DEF_GRANTED,,,BASE_ONLY,,7,7.0,DEF_GRANTED,BASE_ONLY,PENDING_A08_RUNTIME_PARITY,receiver-specific mapeo + global priority; not mechanical-hook fallback
metal,tierra,DEF_T1_0,RESISTANCE,FORTIFICATION,,,BASE_ONLY,,7,7.0,FORTIFICATION,BASE_ONLY,PENDING_A08_RUNTIME_PARITY,receiver-specific mapeo + global priority; not mechanical-hook fallback
metal,agua,DEF_T1_0,RESISTANCE,DEF_GRANTED,,,BASE_ONLY,,7,7.0,DEF_GRANTED,BASE_ONLY,PENDING_A08_RUNTIME_PARITY,receiver-specific mapeo + global priority; not mechanical-hook fallback
metal,viento,DEF_T1_0,RESISTANCE,DEFENSIVE_DURATION,,,BASE_ONLY,,7,7.0,DEFENSIVE_DURATION,BASE_ONLY,PENDING_A08_RUNTIME_PARITY,receiver-specific mapeo + global priority; not mechanical-hook fallback
metal,fuego,DEF_T1_1,ADAPTATION,DEF_GRANTED,TENACITY_GRANTED,,CONDITIONAL_EXPOSED_BUT_NOT_PROVEN_SELECTED,,7,7.0,DEF_GRANTED,BASE_WIN_WITH_CONDITIONAL_EXPOSED,PENDING_A08_RUNTIME_PARITY,receiver-specific mapeo + global priority; not mechanical-hook fallback
metal,tierra,DEF_T1_1,ADAPTATION,FORTIFICATION,TENACITY_GRANTED,,CONDITIONAL_EXPOSED_BUT_NOT_PROVEN_SELECTED,,7,7.0,FORTIFICATION,BASE_WIN_WITH_CONDITIONAL_EXPOSED,PENDING_A08_RUNTIME_PARITY,receiver-specific mapeo + global priority; not mechanical-hook fallback
metal,agua,DEF_T1_1,ADAPTATION,DEF_GRANTED,TENACITY_GRANTED,,CONDITIONAL_EXPOSED_BUT_NOT_PROVEN_SELECTED,,7,7.0,DEF_GRANTED,BASE_WIN_WITH_CONDITIONAL_EXPOSED,PENDING_A08_RUNTIME_PARITY,receiver-specific mapeo + global priority; not mechanical-hook fallback
metal,viento,DEF_T1_1,ADAPTATION,DEFENSIVE_DURATION,TENACITY_GRANTED,,CONDITIONAL_EXPOSED_BUT_NOT_PROVEN_SELECTED,,7,7.0,DEFENSIVE_DURATION,BASE_WIN_WITH_CONDITIONAL_EXPOSED,PENDING_A08_RUNTIME_PARITY,receiver-specific mapeo + global priority; not mechanical-hook fallback
metal,fuego,DEF_T1_2,QUANTITY,DEF_GRANTED,,,BASE_ONLY,,7,7.0,DEF_GRANTED,BASE_ONLY,PENDING_A08_RUNTIME_PARITY,receiver-specific mapeo + global priority; not mechanical-hook fallback
metal,tierra,DEF_T1_2,QUANTITY,FORTIFICATION,,,BASE_ONLY,,7,7.0,FORTIFICATION,BASE_ONLY,PENDING_A08_RUNTIME_PARITY,receiver-specific mapeo + global priority; not mechanical-hook fallback
metal,agua,DEF_T1_2,QUANTITY,DEF_GRANTED,,,BASE_ONLY,,7,7.0,DEF_GRANTED,BASE_ONLY,PENDING_A08_RUNTIME_PARITY,receiver-specific mapeo + global priority; not mechanical-hook fallback
metal,viento,DEF_T1_2,QUANTITY,DEFENSIVE_DURATION,,,BASE_ONLY,,7,7.0,DEFENSIVE_DURATION,BASE_ONLY,PENDING_A08_RUNTIME_PARITY,receiver-specific mapeo + global priority; not mechanical-hook fallback
metal,fuego,OFF_0_DEF_0,RESISTANCE,DEF_GRANTED,,,BASE_ONLY,,7,7.0,DEF_GRANTED,BASE_ONLY,PENDING_A08_RUNTIME_PARITY,receiver-specific mapeo + global priority; not mechanical-hook fallback
metal,tierra,OFF_0_DEF_0,RESISTANCE,FORTIFICATION,,,BASE_ONLY,,7,7.0,FORTIFICATION,BASE_ONLY,PENDING_A08_RUNTIME_PARITY,receiver-specific mapeo + global priority; not mechanical-hook fallback
metal,agua,OFF_0_DEF_0,RESISTANCE,DEF_GRANTED,,,BASE_ONLY,,7,7.0,DEF_GRANTED,BASE_ONLY,PENDING_A08_RUNTIME_PARITY,receiver-specific mapeo + global priority; not mechanical-hook fallback
metal,viento,OFF_0_DEF_0,RESISTANCE,DEFENSIVE_DURATION,,,BASE_ONLY,,7,7.0,DEFENSIVE_DURATION,BASE_ONLY,PENDING_A08_RUNTIME_PARITY,receiver-specific mapeo + global priority; not mechanical-hook fallback
metal,fuego,OFF_0_DEF_1,ADAPTATION,DEF_GRANTED,TENACITY_GRANTED,,CONDITIONAL_EXPOSED_BUT_NOT_PROVEN_SELECTED,,7,7.0,DEF_GRANTED,BASE_WIN_WITH_CONDITIONAL_EXPOSED,PENDING_A08_RUNTIME_PARITY,receiver-specific mapeo + global priority; not mechanical-hook fallback
metal,tierra,OFF_0_DEF_1,ADAPTATION,FORTIFICATION,TENACITY_GRANTED,,CONDITIONAL_EXPOSED_BUT_NOT_PROVEN_SELECTED,,7,7.0,FORTIFICATION,BASE_WIN_WITH_CONDITIONAL_EXPOSED,PENDING_A08_RUNTIME_PARITY,receiver-specific mapeo + global priority; not mechanical-hook fallback
metal,agua,OFF_0_DEF_1,ADAPTATION,DEF_GRANTED,TENACITY_GRANTED,,CONDITIONAL_EXPOSED_BUT_NOT_PROVEN_SELECTED,,7,7.0,DEF_GRANTED,BASE_WIN_WITH_CONDITIONAL_EXPOSED,PENDING_A08_RUNTIME_PARITY,receiver-specific mapeo + global priority; not mechanical-hook fallback
metal,viento,OFF_0_DEF_1,ADAPTATION,DEFENSIVE_DURATION,TENACITY_GRANTED,,CONDITIONAL_EXPOSED_BUT_NOT_PROVEN_SELECTED,,7,7.0,DEFENSIVE_DURATION,BASE_WIN_WITH_CONDITIONAL_EXPOSED,PENDING_A08_RUNTIME_PARITY,receiver-specific mapeo + global priority; not mechanical-hook fallback
metal,fuego,OFF_0_DEF_2,QUANTITY,DEF_GRANTED,,,BASE_ONLY,,7,7.0,DEF_GRANTED,BASE_ONLY,PENDING_A08_RUNTIME_PARITY,receiver-specific mapeo + global priority; not mechanical-hook fallback
metal,tierra,OFF_0_DEF_2,QUANTITY,FORTIFICATION,,,BASE_ONLY,,7,7.0,FORTIFICATION,BASE_ONLY,PENDING_A08_RUNTIME_PARITY,receiver-specific mapeo + global priority; not mechanical-hook fallback
metal,agua,OFF_0_DEF_2,QUANTITY,DEF_GRANTED,,,BASE_ONLY,,7,7.0,DEF_GRANTED,BASE_ONLY,PENDING_A08_RUNTIME_PARITY,receiver-specific mapeo + global priority; not mechanical-hook fallback
metal,viento,OFF_0_DEF_2,QUANTITY,DEFENSIVE_DURATION,,,BASE_ONLY,,7,7.0,DEFENSIVE_DURATION,BASE_ONLY,PENDING_A08_RUNTIME_PARITY,receiver-specific mapeo + global priority; not mechanical-hook fallback
metal,fuego,OFF_1_DEF_0,RESISTANCE,DEF_GRANTED,,,BASE_ONLY,,7,7.0,DEF_GRANTED,BASE_ONLY,PENDING_A08_RUNTIME_PARITY,receiver-specific mapeo + global priority; not mechanical-hook fallback
metal,tierra,OFF_1_DEF_0,RESISTANCE,FORTIFICATION,,,BASE_ONLY,,7,7.0,FORTIFICATION,BASE_ONLY,PENDING_A08_RUNTIME_PARITY,receiver-specific mapeo + global priority; not mechanical-hook fallback
metal,agua,OFF_1_DEF_0,RESISTANCE,DEF_GRANTED,,,BASE_ONLY,,7,7.0,DEF_GRANTED,BASE_ONLY,PENDING_A08_RUNTIME_PARITY,receiver-specific mapeo + global priority; not mechanical-hook fallback
metal,viento,OFF_1_DEF_0,RESISTANCE,DEFENSIVE_DURATION,,,BASE_ONLY,,7,7.0,DEFENSIVE_DURATION,BASE_ONLY,PENDING_A08_RUNTIME_PARITY,receiver-specific mapeo + global priority; not mechanical-hook fallback
metal,fuego,OFF_1_DEF_1,ADAPTATION,DEF_GRANTED,TENACITY_GRANTED,,CONDITIONAL_EXPOSED_BUT_NOT_PROVEN_SELECTED,,7,7.0,DEF_GRANTED,BASE_WIN_WITH_CONDITIONAL_EXPOSED,PENDING_A08_RUNTIME_PARITY,receiver-specific mapeo + global priority; not mechanical-hook fallback
metal,tierra,OFF_1_DEF_1,ADAPTATION,FORTIFICATION,TENACITY_GRANTED,,CONDITIONAL_EXPOSED_BUT_NOT_PROVEN_SELECTED,,7,7.0,FORTIFICATION,BASE_WIN_WITH_CONDITIONAL_EXPOSED,PENDING_A08_RUNTIME_PARITY,receiver-specific mapeo + global priority; not mechanical-hook fallback
metal,agua,OFF_1_DEF_1,ADAPTATION,DEF_GRANTED,TENACITY_GRANTED,,CONDITIONAL_EXPOSED_BUT_NOT_PROVEN_SELECTED,,7,7.0,DEF_GRANTED,BASE_WIN_WITH_CONDITIONAL_EXPOSED,PENDING_A08_RUNTIME_PARITY,receiver-specific mapeo + global priority; not mechanical-hook fallback
metal,viento,OFF_1_DEF_1,ADAPTATION,DEFENSIVE_DURATION,TENACITY_GRANTED,,CONDITIONAL_EXPOSED_BUT_NOT_PROVEN_SELECTED,,7,7.0,DEFENSIVE_DURATION,BASE_WIN_WITH_CONDITIONAL_EXPOSED,PENDING_A08_RUNTIME_PARITY,receiver-specific mapeo + global priority; not mechanical-hook fallback
metal,fuego,OFF_1_DEF_2,QUANTITY,DEF_GRANTED,,,BASE_ONLY,,7,7.0,DEF_GRANTED,BASE_ONLY,PENDING_A08_RUNTIME_PARITY,receiver-specific mapeo + global priority; not mechanical-hook fallback
metal,tierra,OFF_1_DEF_2,QUANTITY,FORTIFICATION,,,BASE_ONLY,,7,7.0,FORTIFICATION,BASE_ONLY,PENDING_A08_RUNTIME_PARITY,receiver-specific mapeo + global priority; not mechanical-hook fallback
metal,agua,OFF_1_DEF_2,QUANTITY,DEF_GRANTED,,,BASE_ONLY,,7,7.0,DEF_GRANTED,BASE_ONLY,PENDING_A08_RUNTIME_PARITY,receiver-specific mapeo + global priority; not mechanical-hook fallback
metal,viento,OFF_1_DEF_2,QUANTITY,DEFENSIVE_DURATION,,,BASE_ONLY,,7,7.0,DEFENSIVE_DURATION,BASE_ONLY,PENDING_A08_RUNTIME_PARITY,receiver-specific mapeo + global priority; not mechanical-hook fallback
metal,fuego,OFF_2_DEF_0,RESISTANCE,DEF_GRANTED,,,BASE_ONLY,,7,7.0,DEF_GRANTED,BASE_ONLY,PENDING_A08_RUNTIME_PARITY,receiver-specific mapeo + global priority; not mechanical-hook fallback
metal,tierra,OFF_2_DEF_0,RESISTANCE,FORTIFICATION,,,BASE_ONLY,,7,7.0,FORTIFICATION,BASE_ONLY,PENDING_A08_RUNTIME_PARITY,receiver-specific mapeo + global priority; not mechanical-hook fallback
metal,agua,OFF_2_DEF_0,RESISTANCE,DEF_GRANTED,,,BASE_ONLY,,7,7.0,DEF_GRANTED,BASE_ONLY,PENDING_A08_RUNTIME_PARITY,receiver-specific mapeo + global priority; not mechanical-hook fallback
metal,viento,OFF_2_DEF_0,RESISTANCE,DEFENSIVE_DURATION,,,BASE_ONLY,,7,7.0,DEFENSIVE_DURATION,BASE_ONLY,PENDING_A08_RUNTIME_PARITY,receiver-specific mapeo + global priority; not mechanical-hook fallback
metal,fuego,OFF_2_DEF_1,ADAPTATION,DEF_GRANTED,TENACITY_GRANTED,,CONDITIONAL_EXPOSED_BUT_NOT_PROVEN_SELECTED,,7,7.0,DEF_GRANTED,BASE_WIN_WITH_CONDITIONAL_EXPOSED,PENDING_A08_RUNTIME_PARITY,receiver-specific mapeo + global priority; not mechanical-hook fallback
metal,tierra,OFF_2_DEF_1,ADAPTATION,FORTIFICATION,TENACITY_GRANTED,,CONDITIONAL_EXPOSED_BUT_NOT_PROVEN_SELECTED,,7,7.0,FORTIFICATION,BASE_WIN_WITH_CONDITIONAL_EXPOSED,PENDING_A08_RUNTIME_PARITY,receiver-specific mapeo + global priority; not mechanical-hook fallback
metal,agua,OFF_2_DEF_1,ADAPTATION,DEF_GRANTED,TENACITY_GRANTED,,CONDITIONAL_EXPOSED_BUT_NOT_PROVEN_SELECTED,,7,7.0,DEF_GRANTED,BASE_WIN_WITH_CONDITIONAL_EXPOSED,PENDING_A08_RUNTIME_PARITY,receiver-specific mapeo + global priority; not mechanical-hook fallback
metal,viento,OFF_2_DEF_1,ADAPTATION,DEFENSIVE_DURATION,TENACITY_GRANTED,,CONDITIONAL_EXPOSED_BUT_NOT_PROVEN_SELECTED,,7,7.0,DEFENSIVE_DURATION,BASE_WIN_WITH_CONDITIONAL_EXPOSED,PENDING_A08_RUNTIME_PARITY,receiver-specific mapeo + global priority; not mechanical-hook fallback
metal,fuego,OFF_2_DEF_2,QUANTITY,DEF_GRANTED,,,BASE_ONLY,,7,7.0,DEF_GRANTED,BASE_ONLY,PENDING_A08_RUNTIME_PARITY,receiver-specific mapeo + global priority; not mechanical-hook fallback
metal,tierra,OFF_2_DEF_2,QUANTITY,FORTIFICATION,,,BASE_ONLY,,7,7.0,FORTIFICATION,BASE_ONLY,PENDING_A08_RUNTIME_PARITY,receiver-specific mapeo + global priority; not mechanical-hook fallback
metal,agua,OFF_2_DEF_2,QUANTITY,DEF_GRANTED,,,BASE_ONLY,,7,7.0,DEF_GRANTED,BASE_ONLY,PENDING_A08_RUNTIME_PARITY,receiver-specific mapeo + global priority; not mechanical-hook fallback
metal,viento,OFF_2_DEF_2,QUANTITY,DEFENSIVE_DURATION,,,BASE_ONLY,,7,7.0,DEFENSIVE_DURATION,BASE_ONLY,PENDING_A08_RUNTIME_PARITY,receiver-specific mapeo + global priority; not mechanical-hook fallback
viento,fuego,BASE_0,BASE,EVASION_GRANTED,,,BASE_ONLY,,7,7.0,EVASION_GRANTED,BASE_ONLY,PENDING_A08_RUNTIME_PARITY,receiver-specific mapeo + global priority; not mechanical-hook fallback
viento,tierra,BASE_0,BASE,DEFENSIVE_DURATION,,,BASE_ONLY,,7,7.0,DEFENSIVE_DURATION,BASE_ONLY,PENDING_A08_RUNTIME_PARITY,receiver-specific mapeo + global priority; not mechanical-hook fallback
viento,agua,BASE_0,BASE,DEFENSIVE_DURATION,,,BASE_ONLY,,7,7.0,DEFENSIVE_DURATION,BASE_ONLY,PENDING_A08_RUNTIME_PARITY,receiver-specific mapeo + global priority; not mechanical-hook fallback
viento,metal,BASE_0,BASE,EVASION_GRANTED,,,BASE_ONLY,,7,7.0,EVASION_GRANTED,BASE_ONLY,PENDING_A08_RUNTIME_PARITY,receiver-specific mapeo + global priority; not mechanical-hook fallback
viento,fuego,OFF_T1_0,BASE,EVASION_GRANTED,,,BASE_ONLY,,7,7.0,EVASION_GRANTED,BASE_ONLY,PENDING_A08_RUNTIME_PARITY,receiver-specific mapeo + global priority; not mechanical-hook fallback
viento,tierra,OFF_T1_0,BASE,DEFENSIVE_DURATION,,,BASE_ONLY,,7,7.0,DEFENSIVE_DURATION,BASE_ONLY,PENDING_A08_RUNTIME_PARITY,receiver-specific mapeo + global priority; not mechanical-hook fallback
viento,agua,OFF_T1_0,BASE,DEFENSIVE_DURATION,,,BASE_ONLY,,7,7.0,DEFENSIVE_DURATION,BASE_ONLY,PENDING_A08_RUNTIME_PARITY,receiver-specific mapeo + global priority; not mechanical-hook fallback
viento,metal,OFF_T1_0,BASE,EVASION_GRANTED,,,BASE_ONLY,,7,7.0,EVASION_GRANTED,BASE_ONLY,PENDING_A08_RUNTIME_PARITY,receiver-specific mapeo + global priority; not mechanical-hook fallback
viento,fuego,OFF_T1_1,BASE,EVASION_GRANTED,,,BASE_ONLY,,7,7.0,EVASION_GRANTED,BASE_ONLY,PENDING_A08_RUNTIME_PARITY,receiver-specific mapeo + global priority; not mechanical-hook fallback
viento,tierra,OFF_T1_1,BASE,DEFENSIVE_DURATION,,,BASE_ONLY,,7,7.0,DEFENSIVE_DURATION,BASE_ONLY,PENDING_A08_RUNTIME_PARITY,receiver-specific mapeo + global priority; not mechanical-hook fallback
viento,agua,OFF_T1_1,BASE,DEFENSIVE_DURATION,,,BASE_ONLY,,7,7.0,DEFENSIVE_DURATION,BASE_ONLY,PENDING_A08_RUNTIME_PARITY,receiver-specific mapeo + global priority; not mechanical-hook fallback
viento,metal,OFF_T1_1,BASE,EVASION_GRANTED,,,BASE_ONLY,,7,7.0,EVASION_GRANTED,BASE_ONLY,PENDING_A08_RUNTIME_PARITY,receiver-specific mapeo + global priority; not mechanical-hook fallback
viento,fuego,OFF_T1_2,BASE,EVASION_GRANTED,,,BASE_ONLY,,7,7.0,EVASION_GRANTED,BASE_ONLY,PENDING_A08_RUNTIME_PARITY,receiver-specific mapeo + global priority; not mechanical-hook fallback
viento,tierra,OFF_T1_2,BASE,DEFENSIVE_DURATION,,,BASE_ONLY,,7,7.0,DEFENSIVE_DURATION,BASE_ONLY,PENDING_A08_RUNTIME_PARITY,receiver-specific mapeo + global priority; not mechanical-hook fallback
viento,agua,OFF_T1_2,BASE,DEFENSIVE_DURATION,,,BASE_ONLY,,7,7.0,DEFENSIVE_DURATION,BASE_ONLY,PENDING_A08_RUNTIME_PARITY,receiver-specific mapeo + global priority; not mechanical-hook fallback
viento,metal,OFF_T1_2,BASE,EVASION_GRANTED,,,BASE_ONLY,,7,7.0,EVASION_GRANTED,BASE_ONLY,PENDING_A08_RUNTIME_PARITY,receiver-specific mapeo + global priority; not mechanical-hook fallback
viento,fuego,DEF_T1_0,EVASION,EVASION_GRANTED,,,BASE_ONLY,,7,7.0,EVASION_GRANTED,BASE_ONLY,PENDING_A08_RUNTIME_PARITY,receiver-specific mapeo + global priority; not mechanical-hook fallback
viento,tierra,DEF_T1_0,EVASION,DEFENSIVE_DURATION,,,BASE_ONLY,,7,7.0,DEFENSIVE_DURATION,BASE_ONLY,PENDING_A08_RUNTIME_PARITY,receiver-specific mapeo + global priority; not mechanical-hook fallback
viento,agua,DEF_T1_0,EVASION,DEFENSIVE_DURATION,,,BASE_ONLY,,7,7.0,DEFENSIVE_DURATION,BASE_ONLY,PENDING_A08_RUNTIME_PARITY,receiver-specific mapeo + global priority; not mechanical-hook fallback
viento,metal,DEF_T1_0,EVASION,EVASION_GRANTED,,,BASE_ONLY,,7,7.0,EVASION_GRANTED,BASE_ONLY,PENDING_A08_RUNTIME_PARITY,receiver-specific mapeo + global priority; not mechanical-hook fallback
viento,fuego,DEF_T1_1,RESPONSE,EVASION_GRANTED,REACTIVE_RESPONSE,,CONDITIONAL_EXPOSED_BUT_NOT_PROVEN_SELECTED,,7,7.0,EVASION_GRANTED,BASE_WIN_WITH_CONDITIONAL_EXPOSED,PENDING_A08_RUNTIME_PARITY,receiver-specific mapeo + global priority; not mechanical-hook fallback
viento,tierra,DEF_T1_1,RESPONSE,DEFENSIVE_DURATION,REACTIVE_RESPONSE,,CONDITIONAL_EXPOSED_BUT_NOT_PROVEN_SELECTED,,7,7.0,DEFENSIVE_DURATION,BASE_WIN_WITH_CONDITIONAL_EXPOSED,PENDING_A08_RUNTIME_PARITY,receiver-specific mapeo + global priority; not mechanical-hook fallback
viento,agua,DEF_T1_1,RESPONSE,DEFENSIVE_DURATION,REACTIVE_RESPONSE,,REQUIRES_RUNTIME_PRIORITY_DECISION,GLOBAL_PRIORITY_EVASION_GRANTED_vs_BASE_MAP_DEFENSIVE_DURATION,7,7.0,REACTIVE_RESPONSE,CONDITIONAL_WIN,PENDING_A08_RUNTIME_PARITY,receiver-specific mapeo + global priority; not mechanical-hook fallback
viento,metal,DEF_T1_1,RESPONSE,EVASION_GRANTED,REACTIVE_RESPONSE,,CONDITIONAL_EXPOSED_BUT_NOT_PROVEN_SELECTED,,7,7.0,EVASION_GRANTED,BASE_WIN_WITH_CONDITIONAL_EXPOSED,PENDING_A08_RUNTIME_PARITY,receiver-specific mapeo + global priority; not mechanical-hook fallback
viento,fuego,DEF_T1_2,EFFICIENCY,EVASION_GRANTED,QI_COST_PERCENT,,CONDITIONAL_EXPOSED_BUT_NOT_PROVEN_SELECTED,,6,6.0,EVASION_GRANTED,BASE_WIN_WITH_CONDITIONAL_EXPOSED,PENDING_A08_RUNTIME_PARITY,receiver-specific mapeo + global priority; not mechanical-hook fallback
viento,tierra,DEF_T1_2,EFFICIENCY,DEFENSIVE_DURATION,QI_COST_PERCENT,,CONDITIONAL_EXPOSED_BUT_NOT_PROVEN_SELECTED,,6,6.0,DEFENSIVE_DURATION,BASE_WIN_WITH_CONDITIONAL_EXPOSED,PENDING_A08_RUNTIME_PARITY,receiver-specific mapeo + global priority; not mechanical-hook fallback
viento,agua,DEF_T1_2,EFFICIENCY,DEFENSIVE_DURATION,QI_COST_PERCENT,,CONDITIONAL_EXPOSED_BUT_NOT_PROVEN_SELECTED,,6,6.0,DEFENSIVE_DURATION,BASE_WIN_WITH_CONDITIONAL_EXPOSED,PENDING_A08_RUNTIME_PARITY,receiver-specific mapeo + global priority; not mechanical-hook fallback
viento,metal,DEF_T1_2,EFFICIENCY,EVASION_GRANTED,QI_COST_PERCENT,,CONDITIONAL_EXPOSED_BUT_NOT_PROVEN_SELECTED,,6,6.0,EVASION_GRANTED,BASE_WIN_WITH_CONDITIONAL_EXPOSED,PENDING_A08_RUNTIME_PARITY,receiver-specific mapeo + global priority; not mechanical-hook fallback
viento,fuego,OFF_0_DEF_0,EVASION,EVASION_GRANTED,,,BASE_ONLY,,7,7.0,EVASION_GRANTED,BASE_ONLY,PENDING_A08_RUNTIME_PARITY,receiver-specific mapeo + global priority; not mechanical-hook fallback
viento,tierra,OFF_0_DEF_0,EVASION,DEFENSIVE_DURATION,,,BASE_ONLY,,7,7.0,DEFENSIVE_DURATION,BASE_ONLY,PENDING_A08_RUNTIME_PARITY,receiver-specific mapeo + global priority; not mechanical-hook fallback
viento,agua,OFF_0_DEF_0,EVASION,DEFENSIVE_DURATION,,,BASE_ONLY,,7,7.0,DEFENSIVE_DURATION,BASE_ONLY,PENDING_A08_RUNTIME_PARITY,receiver-specific mapeo + global priority; not mechanical-hook fallback
viento,metal,OFF_0_DEF_0,EVASION,EVASION_GRANTED,,,BASE_ONLY,,7,7.0,EVASION_GRANTED,BASE_ONLY,PENDING_A08_RUNTIME_PARITY,receiver-specific mapeo + global priority; not mechanical-hook fallback
viento,fuego,OFF_0_DEF_1,RESPONSE,EVASION_GRANTED,REACTIVE_RESPONSE,,CONDITIONAL_EXPOSED_BUT_NOT_PROVEN_SELECTED,,7,7.0,EVASION_GRANTED,BASE_WIN_WITH_CONDITIONAL_EXPOSED,PENDING_A08_RUNTIME_PARITY,receiver-specific mapeo + global priority; not mechanical-hook fallback
viento,tierra,OFF_0_DEF_1,RESPONSE,DEFENSIVE_DURATION,REACTIVE_RESPONSE,,CONDITIONAL_EXPOSED_BUT_NOT_PROVEN_SELECTED,,7,7.0,DEFENSIVE_DURATION,BASE_WIN_WITH_CONDITIONAL_EXPOSED,PENDING_A08_RUNTIME_PARITY,receiver-specific mapeo + global priority; not mechanical-hook fallback
viento,agua,OFF_0_DEF_1,RESPONSE,DEFENSIVE_DURATION,REACTIVE_RESPONSE,,REQUIRES_RUNTIME_PRIORITY_DECISION,GLOBAL_PRIORITY_EVASION_GRANTED_vs_BASE_MAP_DEFENSIVE_DURATION,7,7.0,REACTIVE_RESPONSE,CONDITIONAL_WIN,PENDING_A08_RUNTIME_PARITY,receiver-specific mapeo + global priority; not mechanical-hook fallback
viento,metal,OFF_0_DEF_1,RESPONSE,EVASION_GRANTED,REACTIVE_RESPONSE,,CONDITIONAL_EXPOSED_BUT_NOT_PROVEN_SELECTED,,7,7.0,EVASION_GRANTED,BASE_WIN_WITH_CONDITIONAL_EXPOSED,PENDING_A08_RUNTIME_PARITY,receiver-specific mapeo + global priority; not mechanical-hook fallback
viento,fuego,OFF_0_DEF_2,EFFICIENCY,EVASION_GRANTED,QI_COST_PERCENT,,CONDITIONAL_EXPOSED_BUT_NOT_PROVEN_SELECTED,,6,6.0,EVASION_GRANTED,BASE_WIN_WITH_CONDITIONAL_EXPOSED,PENDING_A08_RUNTIME_PARITY,receiver-specific mapeo + global priority; not mechanical-hook fallback
viento,tierra,OFF_0_DEF_2,EFFICIENCY,DEFENSIVE_DURATION,QI_COST_PERCENT,,CONDITIONAL_EXPOSED_BUT_NOT_PROVEN_SELECTED,,6,6.0,DEFENSIVE_DURATION,BASE_WIN_WITH_CONDITIONAL_EXPOSED,PENDING_A08_RUNTIME_PARITY,receiver-specific mapeo + global priority; not mechanical-hook fallback
viento,agua,OFF_0_DEF_2,EFFICIENCY,DEFENSIVE_DURATION,QI_COST_PERCENT,,CONDITIONAL_EXPOSED_BUT_NOT_PROVEN_SELECTED,,6,6.0,DEFENSIVE_DURATION,BASE_WIN_WITH_CONDITIONAL_EXPOSED,PENDING_A08_RUNTIME_PARITY,receiver-specific mapeo + global priority; not mechanical-hook fallback
viento,metal,OFF_0_DEF_2,EFFICIENCY,EVASION_GRANTED,QI_COST_PERCENT,,CONDITIONAL_EXPOSED_BUT_NOT_PROVEN_SELECTED,,6,6.0,EVASION_GRANTED,BASE_WIN_WITH_CONDITIONAL_EXPOSED,PENDING_A08_RUNTIME_PARITY,receiver-specific mapeo + global priority; not mechanical-hook fallback
viento,fuego,OFF_1_DEF_0,EVASION,EVASION_GRANTED,,,BASE_ONLY,,7,7.0,EVASION_GRANTED,BASE_ONLY,PENDING_A08_RUNTIME_PARITY,receiver-specific mapeo + global priority; not mechanical-hook fallback
viento,tierra,OFF_1_DEF_0,EVASION,DEFENSIVE_DURATION,,,BASE_ONLY,,7,7.0,DEFENSIVE_DURATION,BASE_ONLY,PENDING_A08_RUNTIME_PARITY,receiver-specific mapeo + global priority; not mechanical-hook fallback
viento,agua,OFF_1_DEF_0,EVASION,DEFENSIVE_DURATION,,,BASE_ONLY,,7,7.0,DEFENSIVE_DURATION,BASE_ONLY,PENDING_A08_RUNTIME_PARITY,receiver-specific mapeo + global priority; not mechanical-hook fallback
viento,metal,OFF_1_DEF_0,EVASION,EVASION_GRANTED,,,BASE_ONLY,,7,7.0,EVASION_GRANTED,BASE_ONLY,PENDING_A08_RUNTIME_PARITY,receiver-specific mapeo + global priority; not mechanical-hook fallback
viento,fuego,OFF_1_DEF_1,RESPONSE,EVASION_GRANTED,REACTIVE_RESPONSE,,CONDITIONAL_EXPOSED_BUT_NOT_PROVEN_SELECTED,,7,7.0,EVASION_GRANTED,BASE_WIN_WITH_CONDITIONAL_EXPOSED,PENDING_A08_RUNTIME_PARITY,receiver-specific mapeo + global priority; not mechanical-hook fallback
viento,tierra,OFF_1_DEF_1,RESPONSE,DEFENSIVE_DURATION,REACTIVE_RESPONSE,,CONDITIONAL_EXPOSED_BUT_NOT_PROVEN_SELECTED,,7,7.0,DEFENSIVE_DURATION,BASE_WIN_WITH_CONDITIONAL_EXPOSED,PENDING_A08_RUNTIME_PARITY,receiver-specific mapeo + global priority; not mechanical-hook fallback
viento,agua,OFF_1_DEF_1,RESPONSE,DEFENSIVE_DURATION,REACTIVE_RESPONSE,,REQUIRES_RUNTIME_PRIORITY_DECISION,GLOBAL_PRIORITY_EVASION_GRANTED_vs_BASE_MAP_DEFENSIVE_DURATION,7,7.0,REACTIVE_RESPONSE,CONDITIONAL_WIN,PENDING_A08_RUNTIME_PARITY,receiver-specific mapeo + global priority; not mechanical-hook fallback
viento,metal,OFF_1_DEF_1,RESPONSE,EVASION_GRANTED,REACTIVE_RESPONSE,,CONDITIONAL_EXPOSED_BUT_NOT_PROVEN_SELECTED,,7,7.0,EVASION_GRANTED,BASE_WIN_WITH_CONDITIONAL_EXPOSED,PENDING_A08_RUNTIME_PARITY,receiver-specific mapeo + global priority; not mechanical-hook fallback
viento,fuego,OFF_1_DEF_2,EFFICIENCY,EVASION_GRANTED,QI_COST_PERCENT,,CONDITIONAL_EXPOSED_BUT_NOT_PROVEN_SELECTED,,6,6.0,EVASION_GRANTED,BASE_WIN_WITH_CONDITIONAL_EXPOSED,PENDING_A08_RUNTIME_PARITY,receiver-specific mapeo + global priority; not mechanical-hook fallback
viento,tierra,OFF_1_DEF_2,EFFICIENCY,DEFENSIVE_DURATION,QI_COST_PERCENT,,CONDITIONAL_EXPOSED_BUT_NOT_PROVEN_SELECTED,,6,6.0,DEFENSIVE_DURATION,BASE_WIN_WITH_CONDITIONAL_EXPOSED,PENDING_A08_RUNTIME_PARITY,receiver-specific mapeo + global priority; not mechanical-hook fallback
viento,agua,OFF_1_DEF_2,EFFICIENCY,DEFENSIVE_DURATION,QI_COST_PERCENT,,CONDITIONAL_EXPOSED_BUT_NOT_PROVEN_SELECTED,,6,6.0,DEFENSIVE_DURATION,BASE_WIN_WITH_CONDITIONAL_EXPOSED,PENDING_A08_RUNTIME_PARITY,receiver-specific mapeo + global priority; not mechanical-hook fallback
viento,metal,OFF_1_DEF_2,EFFICIENCY,EVASION_GRANTED,QI_COST_PERCENT,,CONDITIONAL_EXPOSED_BUT_NOT_PROVEN_SELECTED,,6,6.0,EVASION_GRANTED,BASE_WIN_WITH_CONDITIONAL_EXPOSED,PENDING_A08_RUNTIME_PARITY,receiver-specific mapeo + global priority; not mechanical-hook fallback
viento,fuego,OFF_2_DEF_0,EVASION,EVASION_GRANTED,,,BASE_ONLY,,7,7.0,EVASION_GRANTED,BASE_ONLY,PENDING_A08_RUNTIME_PARITY,receiver-specific mapeo + global priority; not mechanical-hook fallback
viento,tierra,OFF_2_DEF_0,EVASION,DEFENSIVE_DURATION,,,BASE_ONLY,,7,7.0,DEFENSIVE_DURATION,BASE_ONLY,PENDING_A08_RUNTIME_PARITY,receiver-specific mapeo + global priority; not mechanical-hook fallback
viento,agua,OFF_2_DEF_0,EVASION,DEFENSIVE_DURATION,,,BASE_ONLY,,7,7.0,DEFENSIVE_DURATION,BASE_ONLY,PENDING_A08_RUNTIME_PARITY,receiver-specific mapeo + global priority; not mechanical-hook fallback
viento,metal,OFF_2_DEF_0,EVASION,EVASION_GRANTED,,,BASE_ONLY,,7,7.0,EVASION_GRANTED,BASE_ONLY,PENDING_A08_RUNTIME_PARITY,receiver-specific mapeo + global priority; not mechanical-hook fallback
viento,fuego,OFF_2_DEF_1,RESPONSE,EVASION_GRANTED,REACTIVE_RESPONSE,,CONDITIONAL_EXPOSED_BUT_NOT_PROVEN_SELECTED,,7,7.0,EVASION_GRANTED,BASE_WIN_WITH_CONDITIONAL_EXPOSED,PENDING_A08_RUNTIME_PARITY,receiver-specific mapeo + global priority; not mechanical-hook fallback
viento,tierra,OFF_2_DEF_1,RESPONSE,DEFENSIVE_DURATION,REACTIVE_RESPONSE,,CONDITIONAL_EXPOSED_BUT_NOT_PROVEN_SELECTED,,7,7.0,DEFENSIVE_DURATION,BASE_WIN_WITH_CONDITIONAL_EXPOSED,PENDING_A08_RUNTIME_PARITY,receiver-specific mapeo + global priority; not mechanical-hook fallback
viento,agua,OFF_2_DEF_1,RESPONSE,DEFENSIVE_DURATION,REACTIVE_RESPONSE,,REQUIRES_RUNTIME_PRIORITY_DECISION,GLOBAL_PRIORITY_EVASION_GRANTED_vs_BASE_MAP_DEFENSIVE_DURATION,7,7.0,REACTIVE_RESPONSE,CONDITIONAL_WIN,PENDING_A08_RUNTIME_PARITY,receiver-specific mapeo + global priority; not mechanical-hook fallback
viento,metal,OFF_2_DEF_1,RESPONSE,EVASION_GRANTED,REACTIVE_RESPONSE,,CONDITIONAL_EXPOSED_BUT_NOT_PROVEN_SELECTED,,7,7.0,EVASION_GRANTED,BASE_WIN_WITH_CONDITIONAL_EXPOSED,PENDING_A08_RUNTIME_PARITY,receiver-specific mapeo + global priority; not mechanical-hook fallback
viento,fuego,OFF_2_DEF_2,EFFICIENCY,EVASION_GRANTED,QI_COST_PERCENT,,CONDITIONAL_EXPOSED_BUT_NOT_PROVEN_SELECTED,,6,6.0,EVASION_GRANTED,BASE_WIN_WITH_CONDITIONAL_EXPOSED,PENDING_A08_RUNTIME_PARITY,receiver-specific mapeo + global priority; not mechanical-hook fallback
viento,tierra,OFF_2_DEF_2,EFFICIENCY,DEFENSIVE_DURATION,QI_COST_PERCENT,,CONDITIONAL_EXPOSED_BUT_NOT_PROVEN_SELECTED,,6,6.0,DEFENSIVE_DURATION,BASE_WIN_WITH_CONDITIONAL_EXPOSED,PENDING_A08_RUNTIME_PARITY,receiver-specific mapeo + global priority; not mechanical-hook fallback
viento,agua,OFF_2_DEF_2,EFFICIENCY,DEFENSIVE_DURATION,QI_COST_PERCENT,,CONDITIONAL_EXPOSED_BUT_NOT_PROVEN_SELECTED,,6,6.0,DEFENSIVE_DURATION,BASE_WIN_WITH_CONDITIONAL_EXPOSED,PENDING_A08_RUNTIME_PARITY,receiver-specific mapeo + global priority; not mechanical-hook fallback
viento,metal,OFF_2_DEF_2,EFFICIENCY,EVASION_GRANTED,QI_COST_PERCENT,,CONDITIONAL_EXPOSED_BUT_NOT_PROVEN_SELECTED,,6,6.0,EVASION_GRANTED,BASE_WIN_WITH_CONDITIONAL_EXPOSED,PENDING_A08_RUNTIME_PARITY,receiver-specific mapeo + global priority; not mechanical-hook fallback